Area Code (M49),Area,Year,agri_production_index,food_production_index,iso3
4,Afghanistan,2010,109.33,109.42,AFG
4,Afghanistan,2011,100.63,100.53,AFG
4,Afghanistan,2012,107.26,107.34,AFG
4,Afghanistan,2013,101.02,101.01,AFG
4,Afghanistan,2014,104.83,104.98,AFG
4,Afghanistan,2016,99.34,99.26,AFG
4,Afghanistan,2017,94.22,94.43,AFG
4,Afghanistan,2019,96.97,96.85,AFG
4,Afghanistan,2020,97.47,97.4,AFG
4,Afghanistan,2021,96.14,96.06,AFG
4,Afghanistan,2022,91.58,91.53,AFG
8,Albania,2010,84.93,84.84,ALB
8,Albania,2011,89.66,89.57,ALB
8,Albania,2012,94.72,94.74,ALB
8,Albania,2013,95.47,95.39,ALB
8,Albania,2014,96.81,96.71,ALB
8,Albania,2016,103.08,103.17,ALB
8,Albania,2017,103.78,103.94,ALB
8,Albania,2019,104.47,104.59,ALB
8,Albania,2020,106.48,106.68,ALB
8,Albania,2021,106.59,106.81,ALB
8,Albania,2022,108.02,108.27,ALB
12,Algeria,2010,82.12,82.15,DZA
12,Algeria,2011,88.68,88.7,DZA
12,Algeria,2012,92.61,92.66,DZA
12,Algeria,2013,99.13,99.2,DZA
12,Algeria,2014,97.39,97.35,DZA
12,Algeria,2016,101.35,101.36,DZA
12,Algeria,2017,99.86,99.87,DZA
12,Algeria,2019,104.54,104.66,DZA
12,Algeria,2020,104.43,104.55,DZA
12,Algeria,2021,94.61,94.77,DZA
12,Algeria,2022,98.04,98.23,DZA
24,Angola,2010,103.97,103.82,AGO
24,Angola,2011,109.28,109.18,AGO
24,Angola,2012,88.26,88.02,AGO
24,Angola,2013,113.91,113.92,AGO
24,Angola,2014,98.02,97.97,AGO
24,Angola,2016,101.26,101.3,AGO
24,Angola,2017,97.97,98.02,AGO
24,Angola,2019,94.41,94.47,AGO
24,Angola,2020,95.44,95.53,AGO
24,Angola,2021,94.56,94.66,AGO
24,Angola,2022,96.29,96.44,AGO
28,Antigua and Barbuda,2010,109.24,109.4,ATG
28,Antigua and Barbuda,2011,110.47,110.66,ATG
28,Antigua and Barbuda,2012,103.09,103.15,ATG
28,Antigua and Barbuda,2013,104.09,104.12,ATG
28,Antigua and Barbuda,2014,102.07,102.09,ATG
28,Antigua and Barbuda,2016,97.36,97.34,ATG
28,Antigua and Barbuda,2017,95.58,95.55,ATG
28,Antigua and Barbuda,2019,88.19,88.08,ATG
28,Antigua and Barbuda,2020,90.89,90.81,ATG
28,Antigua and Barbuda,2021,89.56,89.47,ATG
28,Antigua and Barbuda,2022,98.74,98.76,ATG
31,Azerbaijan,2010,92.13,92.21,AZE
31,Azerbaijan,2011,96.54,96.1,AZE
31,Azerbaijan,2012,99.38,99.21,AZE
31,Azerbaijan,2013,100.83,101.02,AZE
31,Azerbaijan,2014,95.85,96.03,AZE
31,Azerbaijan,2016,103.29,102.69,AZE
31,Azerbaijan,2017,108.37,105.42,AZE
31,Azerbaijan,2019,121.55,117.17,AZE
31,Azerbaijan,2020,122.31,117.12,AZE
31,Azerbaijan,2021,125.07,121.05,AZE
31,Azerbaijan,2022,126.79,122.26,AZE
32,Argentina,2010,94.57,94.37,ARG
32,Argentina,2011,95.6,95.08,ARG
32,Argentina,2012,86.17,86.04,ARG
32,Argentina,2013,95.07,95.36,ARG
32,Argentina,2014,97.14,96.76,ARG
32,Argentina,2016,101.02,101.32,ARG
32,Argentina,2017,102.79,103.14,ARG
32,Argentina,2019,107.53,107.7,ARG
32,Argentina,2020,102.83,102.73,ARG
32,Argentina,2021,104.57,104.51,ARG
32,Argentina,2022,101.12,100.96,ARG
36,Australia,2010,94.03,94.8,AUS
36,Australia,2011,98.43,96.41,AUS
36,Australia,2012,96.77,93.16,AUS
36,Australia,2013,100.9,98.85,AUS
36,Australia,2014,98.64,97.38,AUS
36,Australia,2016,104.8,105.54,AUS
36,Australia,2017,91.7,90.04,AUS
36,Australia,2019,82.91,83.42,AUS
36,Australia,2020,91.73,95.12,AUS
36,Australia,2021,101.73,102.87,AUS
36,Australia,2022,108.4,107.47,AUS
40,Austria,2010,98.48,98.49,AUT
40,Austria,2011,106.03,106.04,AUT
40,Austria,2012,98.35,98.34,AUT
40,Austria,2013,98.05,98.06,AUT
40,Austria,2014,103.16,103.15,AUT
40,Austria,2016,99.5,99.5,AUT
40,Austria,2017,96.73,96.73,AUT
44,Bahamas,2010,97.17,97.17,BHS
44,Bahamas,2011,99.13,99.13,BHS
44,Bahamas,2012,96.32,96.32,BHS
44,Bahamas,2013,96.62,96.62,BHS
44,Bahamas,2014,99.54,99.54,BHS
44,Bahamas,2016,100.2,100.2,BHS
44,Bahamas,2017,99.36,99.36,BHS
44,Bahamas,2019,97.77,97.77,BHS
44,Bahamas,2020,97.97,97.97,BHS
44,Bahamas,2021,97.3,97.3,BHS
44,Bahamas,2022,96.69,96.69,BHS
48,Bahrain,2010,41.47,41.47,BHR
48,Bahrain,2011,55.67,55.67,BHR
48,Bahrain,2012,76.48,76.48,BHR
48,Bahrain,2013,94.36,94.36,BHR
48,Bahrain,2014,87.41,87.41,BHR
48,Bahrain,2016,113.45,113.45,BHR
48,Bahrain,2017,127.83,127.83,BHR
48,Bahrain,2019,131.32,131.32,BHR
48,Bahrain,2020,119.56,119.56,BHR
48,Bahrain,2021,115.91,115.91,BHR
48,Bahrain,2022,118.49,118.49,BHR
50,Bangladesh,2010,87.05,87.5,BGD
50,Bangladesh,2011,91.42,91.06,BGD
50,Bangladesh,2012,92.35,92.06,BGD
50,Bangladesh,2013,94.8,94.66,BGD
50,Bangladesh,2014,97.94,97.91,BGD
50,Bangladesh,2016,101.54,101.63,BGD
50,Bangladesh,2017,106.33,106.2,BGD
50,Bangladesh,2019,109.47,109.19,BGD
50,Bangladesh,2020,112.2,112.09,BGD
50,Bangladesh,2021,117.18,117.31,BGD
50,Bangladesh,2022,119.6,119.63,BGD
51,Armenia,2010,72.8,72.74,ARM
51,Armenia,2011,81.25,81.1,ARM
51,Armenia,2012,88.21,88.15,ARM
51,Armenia,2013,92.49,92.44,ARM
51,Armenia,2014,97.34,97.35,ARM
51,Armenia,2016,96.03,96.02,ARM
51,Armenia,2017,95.39,95.43,ARM
51,Armenia,2019,81.67,81.75,ARM
51,Armenia,2020,86.09,86.2,ARM
51,Armenia,2021,85.37,85.43,ARM
51,Armenia,2022,83.73,83.78,ARM
52,Barbados,2010,108.55,108.55,BRB
52,Barbados,2011,110.14,110.14,BRB
52,Barbados,2012,107.96,107.96,BRB
52,Barbados,2013,98.48,98.48,BRB
52,Barbados,2014,99.35,99.35,BRB
52,Barbados,2016,98.0,98.0,BRB
52,Barbados,2017,102.18,102.18,BRB
52,Barbados,2019,104.06,104.06,BRB
52,Barbados,2020,87.78,87.78,BRB
52,Barbados,2021,88.44,88.44,BRB
52,Barbados,2022,101.41,101.41,BRB
56,Belgium,2010,98.79,98.78,BEL
56,Belgium,2011,98.76,98.75,BEL
56,Belgium,2012,92.73,92.72,BEL
56,Belgium,2013,96.79,96.78,BEL
56,Belgium,2014,102.36,102.36,BEL
56,Belgium,2016,96.35,96.35,BEL
56,Belgium,2017,101.66,101.66,BEL
64,Bhutan,2010,88.47,88.4,BTN
64,Bhutan,2011,107.0,107.01,BTN
64,Bhutan,2012,96.75,96.75,BTN
64,Bhutan,2013,91.76,91.74,BTN
64,Bhutan,2014,94.52,94.51,BTN
64,Bhutan,2016,109.52,109.55,BTN
64,Bhutan,2017,107.51,107.53,BTN
64,Bhutan,2019,100.01,100.0,BTN
64,Bhutan,2020,107.47,107.49,BTN
64,Bhutan,2021,95.13,95.11,BTN
64,Bhutan,2022,73.65,73.56,BTN
68,Bolivia (Plurinational State of),2010,85.31,85.13,BOL
68,Bolivia (Plurinational State of),2011,85.93,85.72,BOL
68,Bolivia (Plurinational State of),2012,93.83,93.53,BOL
68,Bolivia (Plurinational State of),2013,96.38,96.37,BOL
68,Bolivia (Plurinational State of),2014,97.57,97.55,BOL
68,Bolivia (Plurinational State of),2016,100.63,100.63,BOL
68,Bolivia (Plurinational State of),2017,98.61,98.64,BOL
68,Bolivia (Plurinational State of),2019,103.64,103.68,BOL
68,Bolivia (Plurinational State of),2020,102.51,102.53,BOL
68,Bolivia (Plurinational State of),2021,107.8,107.92,BOL
68,Bolivia (Plurinational State of),2022,105.97,106.04,BOL
70,Bosnia and Herzegovina,2010,92.19,92.23,BIH
70,Bosnia and Herzegovina,2011,95.18,95.24,BIH
70,Bosnia and Herzegovina,2012,87.84,87.91,BIH
70,Bosnia and Herzegovina,2013,102.06,102.16,BIH
70,Bosnia and Herzegovina,2014,87.59,87.57,BIH
70,Bosnia and Herzegovina,2016,113.33,113.37,BIH
70,Bosnia and Herzegovina,2017,97.03,97.05,BIH
70,Bosnia and Herzegovina,2019,110.61,110.75,BIH
70,Bosnia and Herzegovina,2020,122.22,122.41,BIH
70,Bosnia and Herzegovina,2021,103.48,103.6,BIH
70,Bosnia and Herzegovina,2022,125.12,125.55,BIH
72,Botswana,2010,99.03,98.94,BWA
72,Botswana,2011,104.11,104.07,BWA
72,Botswana,2012,101.48,101.47,BWA
72,Botswana,2013,97.32,97.31,BWA
72,Botswana,2014,100.63,100.63,BWA
72,Botswana,2016,97.16,97.16,BWA
72,Botswana,2017,95.33,95.33,BWA
72,Botswana,2019,102.81,102.84,BWA
72,Botswana,2020,114.65,114.69,BWA
72,Botswana,2021,107.12,107.16,BWA
72,Botswana,2022,125.47,125.55,BWA
76,Brazil,2010,89.36,89.4,BRA
76,Brazil,2011,92.97,91.95,BRA
76,Brazil,2012,92.01,91.27,BRA
76,Brazil,2013,98.43,98.53,BRA
76,Brazil,2014,102.15,101.99,BRA
76,Brazil,2016,96.7,96.95,BRA
76,Brazil,2017,103.9,104.04,BRA
76,Brazil,2019,105.43,104.4,BRA
76,Brazil,2020,110.61,109.73,BRA
76,Brazil,2021,108.03,107.6,BRA
76,Brazil,2022,109.68,109.12,BRA
84,Belize,2010,107.54,107.54,BLZ
84,Belize,2011,96.74,96.74,BLZ
84,Belize,2012,113.27,113.27,BLZ
84,Belize,2013,103.92,103.92,BLZ
84,Belize,2014,104.48,104.48,BLZ
84,Belize,2016,93.41,93.41,BLZ
84,Belize,2017,98.95,98.95,BLZ
84,Belize,2019,89.63,89.63,BLZ
84,Belize,2020,86.82,86.82,BLZ
84,Belize,2021,91.66,91.66,BLZ
84,Belize,2022,90.31,90.31,BLZ
90,Solomon Islands,2010,111.3,115.73,SLB
90,Solomon Islands,2011,109.18,113.88,SLB
90,Solomon Islands,2012,107.1,107.44,SLB
90,Solomon Islands,2013,105.26,105.75,SLB
90,Solomon Islands,2014,103.81,103.48,SLB
90,Solomon Islands,2016,94.69,96.03,SLB
90,Solomon Islands,2017,93.44,93.51,SLB
90,Solomon Islands,2019,82.64,87.8,SLB
90,Solomon Islands,2020,82.8,86.75,SLB
90,Solomon Islands,2021,85.14,85.45,SLB
90,Solomon Islands,2022,82.21,82.3,SLB
96,Brunei Darussalam,2010,91.82,91.77,BRN
96,Brunei Darussalam,2011,97.51,97.5,BRN
96,Brunei Darussalam,2012,98.53,98.52,BRN
96,Brunei Darussalam,2013,105.51,105.54,BRN
96,Brunei Darussalam,2014,98.93,98.92,BRN
96,Brunei Darussalam,2016,102.8,102.82,BRN
96,Brunei Darussalam,2017,98.04,98.04,BRN
96,Brunei Darussalam,2019,93.86,93.84,BRN
96,Brunei Darussalam,2020,96.49,96.48,BRN
96,Brunei Darussalam,2021,101.15,101.16,BRN
96,Brunei Darussalam,2022,102.32,102.35,BRN
100,Bulgaria,2010,89.1,88.22,BGR
100,Bulgaria,2011,89.87,89.02,BGR
100,Bulgaria,2012,82.63,82.24,BGR
100,Bulgaria,2013,101.98,101.43,BGR
100,Bulgaria,2014,100.34,100.08,BGR
100,Bulgaria,2016,102.13,102.48,BGR
100,Bulgaria,2017,107.26,107.73,BGR
104,Myanmar,2010,102.51,102.45,MMR
104,Myanmar,2011,97.77,97.82,MMR
104,Myanmar,2012,96.14,96.29,MMR
104,Myanmar,2013,99.74,99.85,MMR
104,Myanmar,2014,98.85,98.79,MMR
104,Myanmar,2016,100.15,100.22,MMR
104,Myanmar,2017,98.66,98.85,MMR
104,Myanmar,2019,78.37,78.2,MMR
104,Myanmar,2020,77.73,77.57,MMR
104,Myanmar,2021,79.35,79.18,MMR
104,Myanmar,2022,81.0,80.66,MMR
108,Burundi,2010,119.25,119.26,BDI
108,Burundi,2011,108.0,108.02,BDI
108,Burundi,2012,92.01,91.93,BDI
108,Burundi,2013,122.31,122.42,BDI
108,Burundi,2014,101.73,101.73,BDI
108,Burundi,2016,101.9,101.94,BDI
108,Burundi,2017,95.9,95.92,BDI
108,Burundi,2019,118.83,119.14,BDI
108,Burundi,2020,103.41,103.62,BDI
108,Burundi,2021,110.14,110.38,BDI
108,Burundi,2022,106.12,106.37,BDI
112,Belarus,2010,99.26,99.26,BLR
112,Belarus,2011,97.02,97.03,BLR
112,Belarus,2012,103.45,103.46,BLR
112,Belarus,2013,98.32,98.32,BLR
112,Belarus,2014,101.73,101.73,BLR
112,Belarus,2016,98.21,98.21,BLR
112,Belarus,2017,102.11,102.11,BLR
112,Belarus,2019,100.3,100.3,BLR
112,Belarus,2020,107.51,106.68,BLR
112,Belarus,2021,103.67,103.04,BLR
112,Belarus,2022,107.75,106.9,BLR
116,Cambodia,2010,79.52,80.43,KHM
116,Cambodia,2011,89.67,90.81,KHM
116,Cambodia,2012,91.34,92.44,KHM
116,Cambodia,2013,91.57,92.32,KHM
116,Cambodia,2014,97.75,98.34,KHM
116,Cambodia,2016,103.53,102.88,KHM
116,Cambodia,2017,107.63,106.1,KHM
116,Cambodia,2019,107.43,104.06,KHM
116,Cambodia,2020,107.61,102.99,KHM
116,Cambodia,2021,112.91,108.22,KHM
116,Cambodia,2022,111.31,106.36,KHM
120,Cameroon,2010,94.08,94.04,CMR
120,Cameroon,2011,92.88,93.39,CMR
120,Cameroon,2012,95.8,96.32,CMR
120,Cameroon,2013,96.53,96.94,CMR
120,Cameroon,2014,98.36,98.63,CMR
120,Cameroon,2016,100.65,100.31,CMR
120,Cameroon,2017,97.91,97.54,CMR
120,Cameroon,2019,94.99,93.52,CMR
120,Cameroon,2020,92.57,90.36,CMR
120,Cameroon,2021,89.52,88.74,CMR
120,Cameroon,2022,90.85,89.65,CMR
124,Canada,2010,90.49,90.43,CAN
124,Canada,2011,88.64,88.59,CAN
124,Canada,2012,89.98,89.94,CAN
124,Canada,2013,102.93,102.93,CAN
124,Canada,2014,95.74,95.73,CAN
124,Canada,2016,105.49,105.5,CAN
124,Canada,2017,105.85,105.87,CAN
124,Canada,2019,104.95,104.82,CAN
124,Canada,2020,106.71,106.64,CAN
124,Canada,2021,89.64,89.55,CAN
124,Canada,2022,104.36,104.27,CAN
132,Cabo Verde,2010,92.73,92.75,CPV
132,Cabo Verde,2011,97.1,97.1,CPV
132,Cabo Verde,2012,100.49,100.49,CPV
132,Cabo Verde,2013,104.76,104.75,CPV
132,Cabo Verde,2014,99.34,99.34,CPV
132,Cabo Verde,2016,99.9,99.9,CPV
132,Cabo Verde,2017,87.65,87.64,CPV
132,Cabo Verde,2019,73.76,73.75,CPV
132,Cabo Verde,2020,74.95,74.94,CPV
132,Cabo Verde,2021,73.6,73.59,CPV
132,Cabo Verde,2022,73.07,73.06,CPV
140,Central African Republic,2010,100.4,100.68,CAF
140,Central African Republic,2011,101.85,102.18,CAF
140,Central African Republic,2012,102.81,102.57,CAF
140,Central African Republic,2013,88.09,87.66,CAF
140,Central African Republic,2014,96.01,95.63,CAF
140,Central African Republic,2016,105.92,106.27,CAF
140,Central African Republic,2017,105.91,105.73,CAF
140,Central African Republic,2019,129.11,128.98,CAF
140,Central African Republic,2020,133.8,133.75,CAF
140,Central African Republic,2021,135.42,134.36,CAF
140,Central African Republic,2022,138.23,137.13,CAF
144,Sri Lanka,2010,99.25,98.26,LKA
144,Sri Lanka,2011,96.54,95.36,LKA
144,Sri Lanka,2012,98.85,97.92,LKA
144,Sri Lanka,2013,103.66,103.25,LKA
144,Sri Lanka,2014,97.72,97.37,LKA
144,Sri Lanka,2016,97.81,97.84,LKA
144,Sri Lanka,2017,87.69,87.21,LKA
144,Sri Lanka,2019,95.48,96.42,LKA
144,Sri Lanka,2020,103.76,103.52,LKA
144,Sri Lanka,2021,110.95,111.35,LKA
144,Sri Lanka,2022,89.84,89.88,LKA
148,Chad,2010,105.37,107.49,TCD
148,Chad,2011,85.13,86.05,TCD
148,Chad,2012,109.03,110.63,TCD
148,Chad,2013,99.77,101.2,TCD
148,Chad,2014,100.48,100.72,TCD
148,Chad,2016,102.68,102.4,TCD
148,Chad,2017,99.73,102.13,TCD
148,Chad,2019,103.72,104.24,TCD
148,Chad,2020,102.02,103.14,TCD
148,Chad,2021,100.19,100.95,TCD
148,Chad,2022,102.28,103.49,TCD
152,Chile,2010,97.77,97.7,CHL
152,Chile,2011,101.91,101.88,CHL
152,Chile,2012,103.31,103.28,CHL
152,Chile,2013,102.98,102.95,CHL
152,Chile,2014,98.64,98.64,CHL
152,Chile,2016,100.0,99.99,CHL
152,Chile,2017,96.18,96.22,CHL
152,Chile,2019,101.15,101.18,CHL
152,Chile,2020,98.75,98.81,CHL
152,Chile,2021,103.12,103.24,CHL
152,Chile,2022,100.6,100.74,CHL
156,"China, mainland",2010,91.12,90.69,CHN
156,"China, mainland",2011,93.95,93.36,CHN
156,"China, mainland",2012,96.24,95.57,CHN
156,"China, mainland",2013,97.4,96.94,CHN
156,"China, mainland",2014,98.49,98.2,CHN
156,"China, mainland",2016,100.28,100.48,CHN
156,"China, mainland",2017,101.01,101.21,CHN
156,"China, mainland",2019,101.9,101.57,CHN
156,"China, mainland",2020,102.36,102.61,CHN
156,"China, mainland",2021,106.53,107.13,CHN
156,"China, mainland",2022,108.87,109.28,CHN
158,"China, Taiwan Province of",2010,102.02,102.0,TWN
158,"China, Taiwan Province of",2011,106.59,106.58,TWN
158,"China, Taiwan Province of",2012,102.76,102.75,TWN
158,"China, Taiwan Province of",2013,100.99,100.99,TWN
158,"China, Taiwan Province of",2014,102.95,102.95,TWN
158,"China, Taiwan Province of",2016,97.48,97.49,TWN
158,"China, Taiwan Province of",2017,100.86,100.87,TWN
158,"China, Taiwan Province of",2019,101.49,101.5,TWN
158,"China, Taiwan Province of",2020,104.17,104.17,TWN
158,"China, Taiwan Province of",2021,102.31,102.32,TWN
158,"China, Taiwan Province of",2022,101.56,101.56,TWN
170,Colombia,2010,88.14,88.54,COL
170,Colombia,2011,89.31,89.37,COL
170,Colombia,2012,92.31,92.43,COL
170,Colombia,2013,97.06,97.26,COL
170,Colombia,2014,97.7,97.58,COL
170,Colombia,2016,101.45,101.7,COL
170,Colombia,2017,97.94,97.25,COL
170,Colombia,2019,102.6,101.91,COL
170,Colombia,2020,100.95,100.91,COL
170,Colombia,2021,99.71,99.38,COL
170,Colombia,2022,101.4,101.08,COL
174,Comoros,2010,109.31,109.31,COM
174,Comoros,2011,108.67,108.67,COM
174,Comoros,2012,106.8,106.8,COM
174,Comoros,2013,105.89,105.89,COM
174,Comoros,2014,101.1,101.1,COM
174,Comoros,2016,100.16,100.16,COM
174,Comoros,2017,98.54,98.54,COM
174,Comoros,2019,96.71,96.71,COM
174,Comoros,2020,95.95,95.95,COM
174,Comoros,2021,94.38,94.38,COM
174,Comoros,2022,95.02,95.02,COM
178,Congo,2010,97.43,97.18,COG
178,Congo,2011,98.21,98.02,COG
178,Congo,2012,99.76,99.65,COG
178,Congo,2013,98.13,98.02,COG
178,Congo,2014,101.32,101.36,COG
178,Congo,2016,96.38,96.31,COG
178,Congo,2017,95.25,95.22,COG
178,Congo,2019,93.91,94.01,COG
178,Congo,2020,91.37,91.47,COG
178,Congo,2021,90.99,91.03,COG
178,Congo,2022,86.96,86.96,COG
180,Democratic Republic of the Congo,2010,97.09,97.4,COD
180,Democratic Republic of the Congo,2011,98.04,98.41,COD
180,Democratic Republic of the Congo,2012,96.73,96.81,COD
180,Democratic Republic of the Congo,2013,99.0,98.92,COD
180,Democratic Republic of the Congo,2014,102.11,102.12,COD
180,Democratic Republic of the Congo,2016,98.55,98.55,COD
180,Democratic Republic of the Congo,2017,96.74,96.76,COD
180,Democratic Republic of the Congo,2019,94.66,94.64,COD
180,Democratic Republic of the Congo,2020,95.54,95.68,COD
180,Democratic Republic of the Congo,2021,93.01,93.16,COD
180,Democratic Republic of the Congo,2022,92.1,92.34,COD
184,Cook Islands,2010,108.08,108.08,COK
184,Cook Islands,2011,103.05,103.05,COK
184,Cook Islands,2012,100.65,100.65,COK
184,Cook Islands,2013,102.96,102.96,COK
184,Cook Islands,2014,101.44,101.44,COK
184,Cook Islands,2016,98.84,98.84,COK
184,Cook Islands,2017,95.48,95.48,COK
184,Cook Islands,2019,99.34,99.34,COK
184,Cook Islands,2020,99.41,99.41,COK
184,Cook Islands,2021,101.2,101.2,COK
184,Cook Islands,2022,104.75,104.75,COK
188,Costa Rica,2010,95.23,94.86,CRI
188,Costa Rica,2011,97.52,97.08,CRI
188,Costa Rica,2012,100.38,99.89,CRI
188,Costa Rica,2013,99.95,99.03,CRI
188,Costa Rica,2014,102.46,102.59,CRI
188,Costa Rica,2016,101.03,100.71,CRI
188,Costa Rica,2017,104.48,104.25,CRI
188,Costa Rica,2019,94.83,94.46,CRI
188,Costa Rica,2020,97.15,96.72,CRI
188,Costa Rica,2021,99.12,98.71,CRI
188,Costa Rica,2022,94.35,93.7,CRI
191,Croatia,2010,91.25,91.29,HRV
191,Croatia,2011,91.72,91.56,HRV
191,Croatia,2012,87.66,87.35,HRV
191,Croatia,2013,94.98,94.91,HRV
191,Croatia,2014,93.34,93.32,HRV
191,Croatia,2016,110.13,110.24,HRV
191,Croatia,2017,95.75,95.68,HRV
192,Cuba,2010,86.04,85.91,CUB
192,Cuba,2011,90.08,90.03,CUB
192,Cuba,2012,93.64,93.66,CUB
192,Cuba,2013,97.35,97.18,CUB
192,Cuba,2014,97.32,97.36,CUB
192,Cuba,2016,103.05,103.16,CUB
192,Cuba,2017,104.5,104.09,CUB
192,Cuba,2019,96.07,95.66,CUB
192,Cuba,2020,75.67,75.13,CUB
192,Cuba,2021,72.07,71.67,CUB
192,Cuba,2022,68.65,68.35,CUB
196,Cyprus,2010,115.87,115.94,CYP
196,Cyprus,2011,118.79,118.9,CYP
196,Cyprus,2012,110.26,110.35,CYP
196,Cyprus,2013,102.41,102.44,CYP
196,Cyprus,2014,99.19,99.2,CYP
196,Cyprus,2016,97.68,97.66,CYP
196,Cyprus,2017,101.13,101.11,CYP
203,Czechia,2010,89.49,89.49,CZE
203,Czechia,2011,96.28,96.27,CZE
203,Czechia,2012,85.99,85.98,CZE
203,Czechia,2013,93.14,93.13,CZE
203,Czechia,2014,101.53,101.53,CZE
203,Czechia,2016,101.4,101.4,CZE
203,Czechia,2017,94.79,94.79,CZE
204,Benin,2010,89.36,94.37,BEN
204,Benin,2011,95.49,97.16,BEN
204,Benin,2012,98.38,101.35,BEN
204,Benin,2013,104.67,106.48,BEN
204,Benin,2014,106.56,106.58,BEN
204,Benin,2016,100.78,98.82,BEN
204,Benin,2017,104.5,99.27,BEN
204,Benin,2019,110.89,104.25,BEN
204,Benin,2020,104.95,97.63,BEN
204,Benin,2021,108.37,100.99,BEN
204,Benin,2022,104.77,101.83,BEN
208,Denmark,2010,99.41,99.41,DNK
208,Denmark,2011,100.69,100.69,DNK
208,Denmark,2012,100.38,100.38,DNK
208,Denmark,2013,98.51,98.51,DNK
208,Denmark,2014,100.66,100.66,DNK
208,Denmark,2016,98.08,98.08,DNK
208,Denmark,2017,100.69,100.69,DNK
212,Dominica,2010,86.25,86.25,DMA
212,Dominica,2011,94.8,94.8,DMA
212,Dominica,2012,96.48,96.48,DMA
212,Dominica,2013,99.6,99.6,DMA
212,Dominica,2014,98.38,98.38,DMA
212,Dominica,2016,102.15,102.15,DMA
212,Dominica,2017,102.08,102.08,DMA
212,Dominica,2019,104.24,104.24,DMA
212,Dominica,2020,105.3,105.3,DMA
212,Dominica,2021,105.95,105.95,DMA
212,Dominica,2022,106.88,106.88,DMA
214,Dominican Republic,2010,86.88,86.84,DOM
214,Dominican Republic,2011,91.66,91.51,DOM
214,Dominican Republic,2012,89.25,89.14,DOM
214,Dominican Republic,2013,94.82,94.78,DOM
214,Dominican Republic,2014,98.05,98.07,DOM
214,Dominican Republic,2016,103.34,103.48,DOM
214,Dominican Republic,2017,105.06,105.15,DOM
214,Dominican Republic,2019,110.68,111.02,DOM
214,Dominican Republic,2020,107.0,106.94,DOM
214,Dominican Republic,2021,108.99,109.1,DOM
214,Dominican Republic,2022,123.04,123.24,DOM
218,Ecuador,2010,106.39,107.34,ECU
218,Ecuador,2011,103.14,104.91,ECU
218,Ecuador,2012,97.85,98.71,ECU
218,Ecuador,2013,94.3,95.42,ECU
218,Ecuador,2014,99.9,99.96,ECU
218,Ecuador,2016,97.8,98.33,ECU
218,Ecuador,2017,100.06,100.65,ECU
218,Ecuador,2019,97.94,99.69,ECU
218,Ecuador,2020,93.31,94.66,ECU
218,Ecuador,2021,94.95,96.29,ECU
218,Ecuador,2022,95.79,97.36,ECU
222,El Salvador,2010,104.82,104.84,SLV
222,El Salvador,2011,99.77,99.75,SLV
222,El Salvador,2012,109.85,109.85,SLV
222,El Salvador,2013,100.1,100.09,SLV
222,El Salvador,2014,99.91,99.92,SLV
222,El Salvador,2016,103.89,103.91,SLV
222,El Salvador,2017,103.52,103.53,SLV
222,El Salvador,2019,102.12,102.12,SLV
222,El Salvador,2020,97.94,97.93,SLV
222,El Salvador,2021,104.4,104.43,SLV
222,El Salvador,2022,101.47,101.48,SLV
226,Equatorial Guinea,2010,113.39,113.0,GNQ
226,Equatorial Guinea,2011,110.58,110.39,GNQ
226,Equatorial Guinea,2012,108.37,108.13,GNQ
226,Equatorial Guinea,2013,103.63,103.36,GNQ
226,Equatorial Guinea,2014,101.36,101.2,GNQ
226,Equatorial Guinea,2016,95.96,95.98,GNQ
226,Equatorial Guinea,2017,94.6,94.44,GNQ
226,Equatorial Guinea,2019,90.53,89.99,GNQ
226,Equatorial Guinea,2020,88.66,88.18,GNQ
226,Equatorial Guinea,2021,85.46,84.97,GNQ
226,Equatorial Guinea,2022,83.63,83.27,GNQ
231,Ethiopia,2010,92.85,93.0,ETH
231,Ethiopia,2011,91.0,91.13,ETH
231,Ethiopia,2012,92.02,92.05,ETH
231,Ethiopia,2013,93.12,93.06,ETH
231,Ethiopia,2014,96.72,96.64,ETH
231,Ethiopia,2016,101.6,101.67,ETH
231,Ethiopia,2017,105.19,105.31,ETH
231,Ethiopia,2019,109.13,109.16,ETH
231,Ethiopia,2020,110.25,110.32,ETH
231,Ethiopia,2021,103.77,103.78,ETH
231,Ethiopia,2022,95.78,95.72,ETH
232,Eritrea,2010,100.49,100.52,ERI
232,Eritrea,2011,104.64,104.73,ERI
232,Eritrea,2012,104.38,104.46,ERI
232,Eritrea,2013,101.57,101.62,ERI
232,Eritrea,2014,100.6,100.62,ERI
232,Eritrea,2016,100.09,100.08,ERI
232,Eritrea,2017,101.96,101.96,ERI
232,Eritrea,2019,100.01,99.99,ERI
232,Eritrea,2020,98.68,98.66,ERI
232,Eritrea,2021,98.11,98.08,ERI
232,Eritrea,2022,96.58,96.55,ERI
233,Estonia,2010,78.08,78.06,EST
233,Estonia,2011,82.97,82.96,EST
233,Estonia,2012,88.69,88.68,EST
233,Estonia,2013,92.26,92.24,EST
233,Estonia,2014,97.36,97.36,EST
233,Estonia,2016,91.39,91.39,EST
233,Estonia,2017,99.37,99.37,EST
234,Faroe Islands,2010,51.55,51.55,FRO
234,Faroe Islands,2011,53.25,53.25,FRO
234,Faroe Islands,2012,53.25,53.25,FRO
234,Faroe Islands,2013,55.12,55.12,FRO
234,Faroe Islands,2014,98.57,98.57,FRO
234,Faroe Islands,2016,101.72,101.72,FRO
234,Faroe Islands,2017,98.22,98.22,FRO
234,Faroe Islands,2019,97.48,97.48,FRO
234,Faroe Islands,2020,94.56,94.56,FRO
234,Faroe Islands,2021,95.21,95.21,FRO
234,Faroe Islands,2022,97.55,97.55,FRO
242,Fiji,2010,90.94,90.89,FJI
242,Fiji,2011,108.24,108.25,FJI
242,Fiji,2012,88.88,88.81,FJI
242,Fiji,2013,100.35,100.31,FJI
242,Fiji,2014,107.86,107.89,FJI
242,Fiji,2016,82.64,82.55,FJI
242,Fiji,2017,112.68,112.73,FJI
242,Fiji,2019,120.76,120.89,FJI
242,Fiji,2020,114.8,114.94,FJI
242,Fiji,2021,114.33,114.53,FJI
242,Fiji,2022,138.42,138.74,FJI
246,Finland,2010,96.37,96.37,FIN
246,Finland,2011,100.09,100.08,FIN
246,Finland,2012,95.86,95.86,FIN
246,Finland,2013,100.23,100.23,FIN
246,Finland,2014,101.35,101.35,FIN
246,Finland,2016,99.13,99.13,FIN
246,Finland,2017,97.48,97.48,FIN
250,France,2010,100.96,100.88,FRA
250,France,2011,102.81,102.75,FRA
250,France,2012,99.16,99.06,FRA
250,France,2013,97.08,97.01,FRA
250,France,2014,102.8,102.8,FRA
250,France,2016,95.01,95.01,FRA
250,France,2017,100.71,100.72,FRA
258,French Polynesia,2010,102.01,102.01,PYF
258,French Polynesia,2011,102.4,102.4,PYF
258,French Polynesia,2012,102.82,102.82,PYF
258,French Polynesia,2013,95.4,95.4,PYF
258,French Polynesia,2014,96.36,96.36,PYF
258,French Polynesia,2016,101.91,101.91,PYF
258,French Polynesia,2017,100.12,100.12,PYF
258,French Polynesia,2019,103.87,103.87,PYF
258,French Polynesia,2020,105.61,105.61,PYF
258,French Polynesia,2021,98.59,98.59,PYF
258,French Polynesia,2022,97.82,97.82,PYF
262,Djibouti,2010,129.51,129.51,DJI
262,Djibouti,2011,128.78,128.78,DJI
262,Djibouti,2012,130.26,130.26,DJI
262,Djibouti,2013,126.05,126.05,DJI
262,Djibouti,2014,104.56,104.56,DJI
262,Djibouti,2016,111.48,111.48,DJI
262,Djibouti,2017,122.61,122.61,DJI
262,Djibouti,2019,128.6,128.6,DJI
262,Djibouti,2020,129.85,129.85,DJI
262,Djibouti,2021,124.2,124.2,DJI
262,Djibouti,2022,120.44,120.44,DJI
266,Gabon,2010,103.66,104.48,GAB
266,Gabon,2011,105.32,106.15,GAB
266,Gabon,2012,101.26,101.52,GAB
266,Gabon,2013,102.6,102.94,GAB
266,Gabon,2014,101.97,102.14,GAB
266,Gabon,2016,97.93,97.91,GAB
266,Gabon,2017,96.67,96.61,GAB
266,Gabon,2019,94.03,93.01,GAB
266,Gabon,2020,92.65,90.96,GAB
266,Gabon,2021,93.96,89.38,GAB
266,Gabon,2022,94.56,87.07,GAB
268,Georgia,2010,85.63,85.69,GEO
268,Georgia,2011,94.86,94.96,GEO
268,Georgia,2012,89.49,89.57,GEO
268,Georgia,2013,112.22,112.48,GEO
268,Georgia,2014,100.47,100.48,GEO
268,Georgia,2016,97.65,97.68,GEO
268,Georgia,2017,89.4,89.36,GEO
268,Georgia,2019,106.18,106.34,GEO
268,Georgia,2020,115.29,115.49,GEO
268,Georgia,2021,117.2,117.38,GEO
268,Georgia,2022,111.54,111.64,GEO
270,Gambia,2010,162.97,163.89,GMB
270,Gambia,2011,108.36,108.26,GMB
270,Gambia,2012,125.95,126.28,GMB
270,Gambia,2013,113.05,113.19,GMB
270,Gambia,2014,98.88,98.8,GMB
270,Gambia,2016,90.81,90.68,GMB
270,Gambia,2017,75.29,74.91,GMB
270,Gambia,2019,57.67,57.04,GMB
270,Gambia,2020,59.4,58.83,GMB
270,Gambia,2021,60.7,60.2,GMB
270,Gambia,2022,64.87,64.49,GMB
275,Palestine,2010,111.35,111.37,PSE
275,Palestine,2011,119.71,119.71,PSE
275,Palestine,2012,122.35,122.35,PSE
275,Palestine,2013,116.61,116.61,PSE
275,Palestine,2014,105.67,105.67,PSE
275,Palestine,2016,103.88,103.88,PSE
275,Palestine,2017,106.57,106.58,PSE
275,Palestine,2019,116.68,116.49,PSE
275,Palestine,2020,101.44,100.96,PSE
275,Palestine,2021,139.42,138.57,PSE
275,Palestine,2022,123.36,123.08,PSE
276,Germany,2010,95.99,95.98,DEU
276,Germany,2011,96.62,96.62,DEU
276,Germany,2012,97.48,97.47,DEU
276,Germany,2013,98.29,98.29,DEU
276,Germany,2014,103.83,103.83,DEU
276,Germany,2016,96.93,96.93,DEU
276,Germany,2017,96.27,96.27,DEU
288,Ghana,2010,94.46,94.55,GHA
288,Ghana,2011,95.97,95.93,GHA
288,Ghana,2012,98.89,98.92,GHA
288,Ghana,2013,99.37,99.35,GHA
288,Ghana,2014,101.39,101.36,GHA
288,Ghana,2016,98.88,98.9,GHA
288,Ghana,2017,103.16,103.16,GHA
288,Ghana,2019,108.06,108.05,GHA
288,Ghana,2020,109.99,109.73,GHA
288,Ghana,2021,115.11,114.81,GHA
288,Ghana,2022,112.46,111.78,GHA
296,Kiribati,2010,94.81,94.81,KIR
296,Kiribati,2011,93.34,93.34,KIR
296,Kiribati,2012,93.38,93.38,KIR
296,Kiribati,2013,93.18,93.18,KIR
296,Kiribati,2014,91.76,91.76,KIR
296,Kiribati,2016,116.99,116.99,KIR
296,Kiribati,2017,115.39,115.39,KIR
296,Kiribati,2019,89.2,89.2,KIR
296,Kiribati,2020,87.54,87.54,KIR
296,Kiribati,2021,86.53,86.53,KIR
296,Kiribati,2022,87.6,87.6,KIR
300,Greece,2010,99.09,100.27,GRC
300,Greece,2011,98.35,98.53,GRC
300,Greece,2012,100.75,101.24,GRC
300,Greece,2013,93.34,92.46,GRC
300,Greece,2014,97.11,96.62,GRC
300,Greece,2016,99.26,99.65,GRC
300,Greece,2017,100.49,100.46,GRC
308,Grenada,2010,73.94,73.91,GRD
308,Grenada,2011,76.49,76.46,GRD
308,Grenada,2012,76.72,76.68,GRD
308,Grenada,2013,79.15,79.11,GRD
308,Grenada,2014,90.13,90.12,GRD
308,Grenada,2016,111.63,111.65,GRD
308,Grenada,2017,104.61,104.61,GRD
308,Grenada,2019,97.27,97.26,GRD
308,Grenada,2020,95.18,95.16,GRD
308,Grenada,2021,100.1,100.1,GRD
308,Grenada,2022,95.12,95.11,GRD
320,Guatemala,2010,83.88,83.73,GTM
320,Guatemala,2011,85.37,84.71,GTM
320,Guatemala,2012,89.07,88.56,GTM
320,Guatemala,2013,91.41,91.04,GTM
320,Guatemala,2014,98.47,98.64,GTM
320,Guatemala,2016,100.76,100.79,GTM
320,Guatemala,2017,93.65,96.49,GTM
320,Guatemala,2019,92.23,95.07,GTM
320,Guatemala,2020,95.47,97.82,GTM
320,Guatemala,2021,95.9,97.72,GTM
320,Guatemala,2022,96.6,97.63,GTM
324,Guinea,2010,72.52,71.43,GIN
324,Guinea,2011,74.49,73.47,GIN
324,Guinea,2012,74.54,73.57,GIN
324,Guinea,2013,75.3,74.44,GIN
324,Guinea,2014,76.32,75.54,GIN
324,Guinea,2016,112.61,113.07,GIN
324,Guinea,2017,115.1,115.69,GIN
324,Guinea,2019,117.7,118.47,GIN
324,Guinea,2020,116.89,117.66,GIN
324,Guinea,2021,122.2,123.21,GIN
324,Guinea,2022,126.99,128.19,GIN
328,Guyana,2010,66.17,66.16,GUY
328,Guyana,2011,69.78,69.77,GUY
328,Guyana,2012,69.36,69.35,GUY
328,Guyana,2013,78.76,78.76,GUY
328,Guyana,2014,94.19,94.19,GUY
328,Guyana,2016,94.91,94.91,GUY
328,Guyana,2017,103.53,103.53,GUY
328,Guyana,2019,103.14,103.14,GUY
328,Guyana,2020,105.7,105.71,GUY
328,Guyana,2021,94.25,94.25,GUY
328,Guyana,2022,99.76,99.76,GUY
332,Haiti,2010,96.61,96.64,HTI
332,Haiti,2011,100.38,100.42,HTI
332,Haiti,2012,99.8,99.84,HTI
332,Haiti,2013,103.02,103.03,HTI
332,Haiti,2014,103.24,103.22,HTI
332,Haiti,2016,97.89,97.89,HTI
332,Haiti,2017,91.92,91.91,HTI
332,Haiti,2019,77.19,77.12,HTI
332,Haiti,2020,76.3,76.22,HTI
332,Haiti,2021,75.08,75.0,HTI
332,Haiti,2022,73.75,73.67,HTI
340,Honduras,2010,100.62,100.62,HND
340,Honduras,2011,105.31,105.42,HND
340,Honduras,2012,110.11,110.28,HND
340,Honduras,2013,102.62,102.61,HND
340,Honduras,2014,95.05,94.85,HND
340,Honduras,2016,104.45,104.59,HND
340,Honduras,2017,110.8,110.33,HND
340,Honduras,2019,106.87,106.64,HND
340,Honduras,2020,97.08,96.22,HND
340,Honduras,2021,97.42,97.38,HND
340,Honduras,2022,93.87,93.75,HND
344,"China, Hong Kong SAR",2010,105.08,105.08,HKG
344,"China, Hong Kong SAR",2011,95.79,95.79,HKG
344,"China, Hong Kong SAR",2012,99.05,99.05,HKG
344,"China, Hong Kong SAR",2013,105.75,105.75,HKG
344,"China, Hong Kong SAR",2014,97.67,97.67,HKG
344,"China, Hong Kong SAR",2016,105.7,105.7,HKG
344,"China, Hong Kong SAR",2017,98.77,98.77,HKG
344,"China, Hong Kong SAR",2019,192.5,192.5,HKG
344,"China, Hong Kong SAR",2020,222.79,222.79,HKG
344,"China, Hong Kong SAR",2021,163.06,163.06,HKG
344,"China, Hong Kong SAR",2022,167.79,167.79,HKG
348,Hungary,2010,78.15,78.06,HUN
348,Hungary,2011,86.71,86.61,HUN
348,Hungary,2012,78.53,78.44,HUN
348,Hungary,2013,87.89,87.84,HUN
348,Hungary,2014,99.98,99.96,HUN
348,Hungary,2016,104.64,104.67,HUN
348,Hungary,2017,99.38,99.4,HUN
352,Iceland,2010,93.06,93.18,ISL
352,Iceland,2011,94.36,93.89,ISL
352,Iceland,2012,97.21,96.84,ISL
352,Iceland,2013,94.77,95.0,ISL
352,Iceland,2014,96.42,96.7,ISL
352,Iceland,2016,103.16,103.09,ISL
352,Iceland,2017,104.17,104.12,ISL
352,Iceland,2019,98.59,98.74,ISL
352,Iceland,2020,94.76,95.01,ISL
352,Iceland,2021,92.31,92.66,ISL
352,Iceland,2022,88.92,89.2,ISL
356,India,2010,90.32,89.43,IND
356,India,2011,95.11,93.99,IND
356,India,2012,95.77,95.03,IND
356,India,2013,98.51,97.88,IND
356,India,2014,99.9,99.5,IND
356,India,2016,101.85,102.04,IND
356,India,2017,105.11,105.56,IND
356,India,2019,110.93,111.53,IND
356,India,2020,113.15,114.15,IND
356,India,2021,117.64,119.08,IND
356,India,2022,120.08,122.12,IND
360,Indonesia,2010,95.88,100.95,IDN
360,Indonesia,2011,96.52,100.33,IDN
360,Indonesia,2012,101.52,104.63,IDN
360,Indonesia,2013,100.74,102.38,IDN
360,Indonesia,2014,99.9,100.7,IDN
360,Indonesia,2016,98.54,97.58,IDN
360,Indonesia,2017,109.48,106.55,IDN
360,Indonesia,2019,110.43,105.12,IDN
360,Indonesia,2020,110.47,104.85,IDN
360,Indonesia,2021,114.26,106.54,IDN
360,Indonesia,2022,115.16,110.69,IDN
364,Iran (Islamic Republic of),2010,96.29,96.19,IRN
364,Iran (Islamic Republic of),2011,94.48,94.12,IRN
364,Iran (Islamic Republic of),2012,96.29,96.1,IRN
364,Iran (Islamic Republic of),2013,99.48,99.4,IRN
364,Iran (Islamic Republic of),2014,102.46,102.45,IRN
364,Iran (Islamic Republic of),2016,98.7,98.72,IRN
364,Iran (Islamic Republic of),2017,93.83,93.84,IRN
364,Iran (Islamic Republic of),2019,88.4,88.38,IRN
364,Iran (Islamic Republic of),2020,86.9,86.91,IRN
364,Iran (Islamic Republic of),2021,85.94,85.91,IRN
364,Iran (Islamic Republic of),2022,80.42,80.4,IRN
368,Iraq,2010,141.37,140.35,IRQ
368,Iraq,2011,147.52,147.05,IRQ
368,Iraq,2012,142.38,142.16,IRQ
368,Iraq,2013,153.45,153.56,IRQ
368,Iraq,2014,139.95,140.58,IRQ
368,Iraq,2016,80.85,80.54,IRQ
368,Iraq,2017,78.15,77.79,IRQ
368,Iraq,2019,118.5,118.96,IRQ
368,Iraq,2020,138.91,139.79,IRQ
368,Iraq,2021,116.19,116.73,IRQ
368,Iraq,2022,94.7,94.95,IRQ
372,Ireland,2010,91.4,91.32,IRL
372,Ireland,2011,93.51,93.43,IRL
372,Ireland,2012,87.86,87.73,IRL
372,Ireland,2013,91.64,91.57,IRL
372,Ireland,2014,97.22,97.2,IRL
372,Ireland,2016,102.12,102.13,IRL
372,Ireland,2017,108.37,108.43,IRL
376,Israel,2010,99.38,99.77,ISR
376,Israel,2011,98.96,98.81,ISR
376,Israel,2012,102.2,102.18,ISR
376,Israel,2013,100.11,100.29,ISR
376,Israel,2014,102.12,102.22,ISR
376,Israel,2016,98.68,98.74,ISR
376,Israel,2017,97.82,97.98,ISR
376,Israel,2019,93.49,93.82,ISR
376,Israel,2020,93.22,93.68,ISR
376,Israel,2021,90.88,91.35,ISR
376,Israel,2022,94.2,94.13,ISR
380,Italy,2010,109.51,109.32,ITA
380,Italy,2011,108.21,108.12,ITA
380,Italy,2012,103.43,103.45,ITA
380,Italy,2013,101.64,101.65,ITA
380,Italy,2014,95.48,95.45,ITA
380,Italy,2016,101.99,102.01,ITA
380,Italy,2017,98.41,98.37,ITA
384,Côte d'Ivoire,2010,83.73,85.3,CIV
384,Côte d'Ivoire,2011,84.61,85.41,CIV
384,Côte d'Ivoire,2012,90.23,90.39,CIV
384,Côte d'Ivoire,2013,91.47,91.06,CIV
384,Côte d'Ivoire,2014,97.41,97.51,CIV
384,Côte d'Ivoire,2016,98.39,98.04,CIV
384,Côte d'Ivoire,2017,104.69,103.37,CIV
384,Côte d'Ivoire,2019,108.63,104.56,CIV
384,Côte d'Ivoire,2020,109.55,104.11,CIV
384,Côte d'Ivoire,2021,110.39,102.68,CIV
384,Côte d'Ivoire,2022,113.89,105.01,CIV
388,Jamaica,2010,93.39,93.3,JAM
388,Jamaica,2011,97.2,97.16,JAM
388,Jamaica,2012,98.25,98.24,JAM
388,Jamaica,2013,97.56,97.53,JAM
388,Jamaica,2014,98.07,98.05,JAM
388,Jamaica,2016,104.17,104.22,JAM
388,Jamaica,2017,102.35,102.36,JAM
388,Jamaica,2019,103.81,103.82,JAM
388,Jamaica,2020,99.61,99.59,JAM
388,Jamaica,2021,103.77,103.79,JAM
388,Jamaica,2022,112.84,112.92,JAM
392,Japan,2010,95.58,95.49,JPN
392,Japan,2011,94.43,94.39,JPN
392,Japan,2012,96.42,96.41,JPN
392,Japan,2013,100.59,100.59,JPN
392,Japan,2014,100.73,100.72,JPN
392,Japan,2016,99.53,99.54,JPN
392,Japan,2017,100.07,100.06,JPN
392,Japan,2019,100.84,100.85,JPN
392,Japan,2020,101.01,101.06,JPN
392,Japan,2021,101.83,101.87,JPN
392,Japan,2022,102.33,102.42,JPN
398,Kazakhstan,2010,82.46,82.04,KAZ
398,Kazakhstan,2011,112.67,112.53,KAZ
398,Kazakhstan,2012,85.32,84.03,KAZ
398,Kazakhstan,2013,96.83,95.87,KAZ
398,Kazakhstan,2014,96.12,95.76,KAZ
398,Kazakhstan,2016,104.9,105.15,KAZ
398,Kazakhstan,2017,108.87,108.98,KAZ
398,Kazakhstan,2019,98.87,98.65,KAZ
398,Kazakhstan,2020,103.81,103.9,KAZ
398,Kazakhstan,2021,98.6,98.77,KAZ
398,Kazakhstan,2022,109.6,109.7,KAZ
400,Jordan,2010,113.26,112.54,JOR
400,Jordan,2011,113.26,113.27,JOR
400,Jordan,2012,109.25,109.41,JOR
400,Jordan,2013,105.08,104.51,JOR
400,Jordan,2014,99.09,99.06,JOR
400,Jordan,2016,100.84,100.8,JOR
400,Jordan,2017,90.01,89.93,JOR
400,Jordan,2019,89.62,89.57,JOR
400,Jordan,2020,89.47,89.46,JOR
400,Jordan,2021,95.29,95.36,JOR
400,Jordan,2022,96.72,96.81,JOR
404,Kenya,2010,111.05,111.0,KEN
404,Kenya,2011,103.12,102.94,KEN
404,Kenya,2012,103.38,103.35,KEN
404,Kenya,2013,106.38,106.4,KEN
404,Kenya,2014,104.46,104.48,KEN
404,Kenya,2016,93.55,93.52,KEN
404,Kenya,2017,86.68,86.64,KEN
404,Kenya,2019,99.27,99.4,KEN
404,Kenya,2020,113.46,113.63,KEN
404,Kenya,2021,101.67,101.65,KEN
404,Kenya,2022,98.46,98.52,KEN
408,Democratic People's Republic of Korea,2010,101.05,101.52,PRK
408,Democratic People's Republic of Korea,2011,101.93,102.26,PRK
408,Democratic People's Republic of Korea,2012,104.15,104.43,PRK
408,Democratic People's Republic of Korea,2013,105.42,105.78,PRK
408,Democratic People's Republic of Korea,2014,103.51,103.73,PRK
408,Democratic People's Republic of Korea,2016,97.94,97.79,PRK
408,Democratic People's Republic of Korea,2017,94.58,94.27,PRK
408,Democratic People's Republic of Korea,2019,100.4,100.38,PRK
408,Democratic People's Republic of Korea,2020,92.52,92.17,PRK
408,Democratic People's Republic of Korea,2021,92.14,91.69,PRK
408,Democratic People's Republic of Korea,2022,92.15,91.78,PRK
410,Republic of Korea,2010,97.8,97.7,KOR
410,Republic of Korea,2011,93.32,93.21,KOR
410,Republic of Korea,2012,96.43,96.36,KOR
410,Republic of Korea,2013,100.07,100.06,KOR
410,Republic of Korea,2014,102.73,102.75,KOR
410,Republic of Korea,2016,97.83,97.81,KOR
410,Republic of Korea,2017,96.49,96.49,KOR
410,Republic of Korea,2019,99.33,99.36,KOR
410,Republic of Korea,2020,97.58,97.58,KOR
410,Republic of Korea,2021,100.14,100.16,KOR
410,Republic of Korea,2022,99.07,99.08,KOR
414,Kuwait,2010,82.95,82.94,KWT
414,Kuwait,2011,113.12,113.25,KWT
414,Kuwait,2012,110.11,110.23,KWT
414,Kuwait,2013,103.09,103.17,KWT
414,Kuwait,2014,103.04,103.12,KWT
414,Kuwait,2016,102.42,102.37,KWT
414,Kuwait,2017,101.52,101.51,KWT
414,Kuwait,2019,102.0,101.99,KWT
414,Kuwait,2020,91.89,91.82,KWT
414,Kuwait,2021,91.78,91.72,KWT
414,Kuwait,2022,92.24,92.18,KWT
417,Kyrgyzstan,2010,96.75,95.22,KGZ
417,Kyrgyzstan,2011,96.87,94.52,KGZ
417,Kyrgyzstan,2012,94.11,92.53,KGZ
417,Kyrgyzstan,2013,96.37,95.41,KGZ
417,Kyrgyzstan,2014,95.86,95.08,KGZ
417,Kyrgyzstan,2016,102.23,102.57,KGZ
417,Kyrgyzstan,2017,102.15,102.08,KGZ
417,Kyrgyzstan,2019,101.95,101.66,KGZ
417,Kyrgyzstan,2020,99.9,99.82,KGZ
417,Kyrgyzstan,2021,93.25,93.23,KGZ
417,Kyrgyzstan,2022,97.75,97.65,KGZ
418,Lao People's Democratic Republic,2010,65.3,64.09,LAO
418,Lao People's Democratic Republic,2011,71.99,71.36,LAO
418,Lao People's Democratic Republic,2012,75.62,75.47,LAO
418,Lao People's Democratic Republic,2013,77.49,77.23,LAO
418,Lao People's Democratic Republic,2014,91.49,91.24,LAO
418,Lao People's Democratic Republic,2016,104.1,104.11,LAO
418,Lao People's Democratic Republic,2017,96.91,97.91,LAO
418,Lao People's Democratic Republic,2019,99.15,97.69,LAO
418,Lao People's Democratic Republic,2020,100.34,98.7,LAO
418,Lao People's Democratic Republic,2021,100.74,98.88,LAO
418,Lao People's Democratic Republic,2022,107.02,104.13,LAO
422,Lebanon,2010,106.31,106.12,LBN
422,Lebanon,2011,99.58,99.26,LBN
422,Lebanon,2012,98.41,98.03,LBN
422,Lebanon,2013,93.46,93.2,LBN
422,Lebanon,2014,88.86,88.67,LBN
422,Lebanon,2016,101.11,101.09,LBN
422,Lebanon,2017,103.98,104.01,LBN
422,Lebanon,2019,98.82,98.64,LBN
422,Lebanon,2020,107.45,107.37,LBN
422,Lebanon,2021,98.65,98.4,LBN
422,Lebanon,2022,103.07,102.91,LBN
426,Lesotho,2010,109.14,109.19,LSO
426,Lesotho,2011,110.07,109.77,LSO
426,Lesotho,2012,107.73,107.84,LSO
426,Lesotho,2013,108.21,108.61,LSO
426,Lesotho,2014,107.48,108.05,LSO
426,Lesotho,2016,91.68,91.07,LSO
426,Lesotho,2017,109.56,110.5,LSO
426,Lesotho,2019,86.86,86.25,LSO
426,Lesotho,2020,79.73,77.2,LSO
426,Lesotho,2021,85.46,82.18,LSO
426,Lesotho,2022,101.39,97.4,LSO
428,Latvia,2010,69.04,69.05,LVA
428,Latvia,2011,70.55,70.55,LVA
428,Latvia,2012,84.62,84.63,LVA
428,Latvia,2013,83.09,83.09,LVA
428,Latvia,2014,87.96,87.97,LVA
428,Latvia,2016,104.91,104.91,LVA
428,Latvia,2017,107.97,107.96,LVA
430,Liberia,2010,106.94,103.58,LBR
430,Liberia,2011,105.7,102.84,LBR
430,Liberia,2012,107.93,101.9,LBR
430,Liberia,2013,101.63,96.04,LBR
430,Liberia,2014,95.09,95.96,LBR
430,Liberia,2016,105.48,105.54,LBR
430,Liberia,2017,93.19,90.76,LBR
430,Liberia,2019,98.98,91.86,LBR
430,Liberia,2020,98.74,92.66,LBR
430,Liberia,2021,98.71,89.65,LBR
430,Liberia,2022,97.81,87.84,LBR
434,Libya,2010,104.47,104.63,LBY
434,Libya,2011,109.57,109.79,LBY
434,Libya,2012,114.46,114.74,LBY
434,Libya,2013,111.53,111.75,LBY
434,Libya,2014,101.78,101.8,LBY
434,Libya,2016,97.61,97.59,LBY
434,Libya,2017,95.16,95.11,LBY
434,Libya,2019,96.67,96.68,LBY
434,Libya,2020,97.49,97.53,LBY
434,Libya,2021,97.15,97.19,LBY
434,Libya,2022,96.38,96.42,LBY
440,Lithuania,2010,68.01,68.02,LTU
440,Lithuania,2011,75.99,75.99,LTU
440,Lithuania,2012,89.2,89.21,LTU
440,Lithuania,2013,86.08,86.09,LTU
440,Lithuania,2014,94.05,94.05,LTU
440,Lithuania,2016,100.12,100.11,LTU
440,Lithuania,2017,103.33,103.32,LTU
442,Luxembourg,2010,102.23,102.24,LUX
442,Luxembourg,2011,100.16,100.16,LUX
442,Luxembourg,2012,95.73,95.74,LUX
442,Luxembourg,2013,96.38,96.39,LUX
442,Luxembourg,2014,99.04,99.04,LUX
442,Luxembourg,2016,98.84,98.84,LUX
442,Luxembourg,2017,99.98,99.98,LUX
446,"China, Macao SAR",2010,122.72,122.72,MAC
446,"China, Macao SAR",2011,106.52,106.52,MAC
446,"China, Macao SAR",2012,119.08,119.08,MAC
446,"China, Macao SAR",2013,107.52,107.52,MAC
446,"China, Macao SAR",2014,126.61,126.61,MAC
446,"China, Macao SAR",2016,90.04,90.04,MAC
446,"China, Macao SAR",2017,94.02,94.02,MAC
446,"China, Macao SAR",2019,76.71,76.71,MAC
446,"China, Macao SAR",2020,71.22,71.22,MAC
446,"China, Macao SAR",2021,67.98,67.98,MAC
446,"China, Macao SAR",2022,78.97,78.97,MAC
450,Madagascar,2010,119.98,120.07,MDG
450,Madagascar,2011,115.97,116.05,MDG
450,Madagascar,2012,117.33,117.41,MDG
450,Madagascar,2013,103.06,103.08,MDG
450,Madagascar,2014,103.74,103.71,MDG
450,Madagascar,2016,97.58,97.61,MDG
450,Madagascar,2017,92.91,92.91,MDG
450,Madagascar,2019,91.38,91.41,MDG
450,Madagascar,2020,89.57,89.6,MDG
450,Madagascar,2021,90.4,90.44,MDG
450,Madagascar,2022,89.98,90.05,MDG
454,Malawi,2010,80.02,77.0,MWI
454,Malawi,2011,82.04,78.9,MWI
454,Malawi,2012,83.51,81.56,MWI
454,Malawi,2013,94.19,92.04,MWI
454,Malawi,2014,106.42,105.66,MWI
454,Malawi,2016,94.61,95.44,MWI
454,Malawi,2017,107.98,110.42,MWI
454,Malawi,2019,112.94,114.57,MWI
454,Malawi,2020,115.63,117.83,MWI
454,Malawi,2021,117.39,120.27,MWI
454,Malawi,2022,113.41,116.45,MWI
458,Malaysia,2010,95.65,87.74,MYS
458,Malaysia,2011,101.42,88.75,MYS
458,Malaysia,2012,101.8,90.74,MYS
458,Malaysia,2013,101.02,93.19,MYS
458,Malaysia,2014,101.14,98.0,MYS
458,Malaysia,2016,95.49,101.21,MYS
458,Malaysia,2017,101.85,97.58,MYS
458,Malaysia,2019,94.73,90.36,MYS
458,Malaysia,2020,93.56,93.89,MYS
458,Malaysia,2021,89.84,94.04,MYS
458,Malaysia,2022,90.12,93.44,MYS
462,Maldives,2010,135.55,135.55,MDV
462,Maldives,2011,120.3,120.3,MDV
462,Maldives,2012,108.6,108.6,MDV
462,Maldives,2013,101.37,101.37,MDV
462,Maldives,2014,101.58,101.58,MDV
462,Maldives,2016,98.57,98.57,MDV
462,Maldives,2017,94.74,94.74,MDV
462,Maldives,2019,92.05,92.05,MDV
462,Maldives,2020,90.24,90.24,MDV
462,Maldives,2021,78.82,78.82,MDV
462,Maldives,2022,76.85,76.85,MDV
466,Mali,2010,89.92,93.65,MLI
466,Mali,2011,98.53,99.47,MLI
466,Mali,2012,95.16,95.87,MLI
466,Mali,2013,95.76,97.01,MLI
466,Mali,2014,92.67,92.02,MLI
466,Mali,2016,109.76,109.72,MLI
466,Mali,2017,107.7,106.53,MLI
466,Mali,2019,112.2,112.41,MLI
466,Mali,2020,108.78,116.94,MLI
466,Mali,2021,105.69,105.01,MLI
466,Mali,2022,105.88,110.65,MLI
470,Malta,2010,114.08,114.2,MLT
470,Malta,2011,110.0,110.11,MLT
470,Malta,2012,104.31,104.41,MLT
470,Malta,2013,105.19,105.3,MLT
470,Malta,2014,106.75,106.76,MLT
470,Malta,2016,94.06,94.06,MLT
470,Malta,2017,90.27,90.27,MLT
478,Mauritania,2010,100.88,100.88,MRT
478,Mauritania,2011,97.92,97.92,MRT
478,Mauritania,2012,102.03,102.03,MRT
478,Mauritania,2013,100.63,100.63,MRT
478,Mauritania,2014,101.16,101.16,MRT
478,Mauritania,2016,98.47,98.47,MRT
478,Mauritania,2017,97.37,97.37,MRT
478,Mauritania,2019,92.58,92.58,MRT
478,Mauritania,2020,93.62,93.62,MRT
478,Mauritania,2021,96.69,96.69,MRT
478,Mauritania,2022,94.99,94.99,MRT
480,Mauritius,2010,106.9,106.9,MUS
480,Mauritius,2011,106.08,106.03,MUS
480,Mauritius,2012,102.66,102.68,MUS
480,Mauritius,2013,100.89,100.89,MUS
480,Mauritius,2014,102.85,102.85,MUS
480,Mauritius,2016,97.25,97.24,MUS
480,Mauritius,2017,97.77,97.76,MUS
480,Mauritius,2019,95.32,95.42,MUS
480,Mauritius,2020,80.73,80.87,MUS
480,Mauritius,2021,84.28,84.42,MUS
480,Mauritius,2022,85.52,85.66,MUS
484,Mexico,2010,94.51,94.83,MEX
484,Mexico,2011,92.11,91.88,MEX
484,Mexico,2012,95.63,95.54,MEX
484,Mexico,2013,96.69,96.78,MEX
484,Mexico,2014,98.87,98.49,MEX
484,Mexico,2016,102.8,103.1,MEX
484,Mexico,2017,106.32,105.82,MEX
484,Mexico,2019,107.92,107.57,MEX
484,Mexico,2020,107.7,107.64,MEX
484,Mexico,2021,108.51,108.24,MEX
484,Mexico,2022,110.25,109.88,MEX
496,Mongolia,2010,76.83,75.85,MNG
496,Mongolia,2011,78.91,77.83,MNG
496,Mongolia,2012,82.45,81.45,MNG
496,Mongolia,2013,88.61,87.88,MNG
496,Mongolia,2014,87.55,86.97,MNG
496,Mongolia,2016,102.15,102.36,MNG
496,Mongolia,2017,101.51,101.83,MNG
496,Mongolia,2019,123.77,125.07,MNG
496,Mongolia,2020,159.86,162.52,MNG
496,Mongolia,2021,116.83,118.08,MNG
496,Mongolia,2022,140.71,142.78,MNG
498,Republic of Moldova,2010,80.43,79.84,MDA
498,Republic of Moldova,2011,88.49,88.1,MDA
498,Republic of Moldova,2012,68.23,67.99,MDA
498,Republic of Moldova,2013,93.3,93.19,MDA
498,Republic of Moldova,2014,100.46,100.43,MDA
498,Republic of Moldova,2016,108.81,108.88,MDA
498,Republic of Moldova,2017,119.03,119.12,MDA
498,Republic of Moldova,2019,125.17,125.33,MDA
498,Republic of Moldova,2020,81.61,81.64,MDA
498,Republic of Moldova,2021,130.19,130.43,MDA
498,Republic of Moldova,2022,92.06,92.2,MDA
499,Montenegro,2010,84.56,84.33,MNE
499,Montenegro,2011,98.9,98.85,MNE
499,Montenegro,2012,89.87,89.74,MNE
499,Montenegro,2013,100.8,100.66,MNE
499,Montenegro,2014,91.39,91.34,MNE
499,Montenegro,2016,110.36,110.44,MNE
499,Montenegro,2017,99.38,99.36,MNE
499,Montenegro,2019,101.8,101.82,MNE
499,Montenegro,2020,107.24,107.3,MNE
499,Montenegro,2021,106.9,106.95,MNE
499,Montenegro,2022,101.68,101.71,MNE
504,Morocco,2010,98.49,98.48,MAR
504,Morocco,2011,100.76,100.77,MAR
504,Morocco,2012,95.53,95.47,MAR
504,Morocco,2013,100.57,100.59,MAR
504,Morocco,2014,101.08,101.1,MAR
504,Morocco,2016,91.05,90.93,MAR
504,Morocco,2017,106.0,106.11,MAR
504,Morocco,2019,105.87,105.99,MAR
504,Morocco,2020,94.59,94.52,MAR
504,Morocco,2021,109.26,109.41,MAR
504,Morocco,2022,99.03,99.02,MAR
508,Mozambique,2010,124.73,127.9,MOZ
508,Mozambique,2011,130.12,132.11,MOZ
508,Mozambique,2012,127.39,128.67,MOZ
508,Mozambique,2013,114.1,116.05,MOZ
508,Mozambique,2014,106.65,105.53,MOZ
508,Mozambique,2016,98.53,99.12,MOZ
508,Mozambique,2017,108.72,110.2,MOZ
508,Mozambique,2019,124.27,123.38,MOZ
508,Mozambique,2020,120.96,125.35,MOZ
508,Mozambique,2021,130.23,135.08,MOZ
508,Mozambique,2022,141.56,147.99,MOZ
512,Oman,2010,133.5,133.42,OMN
512,Oman,2011,111.7,111.6,OMN
512,Oman,2012,108.86,108.82,OMN
512,Oman,2013,110.45,110.44,OMN
512,Oman,2014,95.41,95.38,OMN
512,Oman,2016,104.26,104.29,OMN
512,Oman,2017,122.56,122.67,OMN
512,Oman,2019,122.14,122.24,OMN
512,Oman,2020,141.65,141.82,OMN
512,Oman,2021,139.1,139.26,OMN
512,Oman,2022,145.67,145.88,OMN
516,Namibia,2010,112.04,111.95,NAM
516,Namibia,2011,110.85,110.97,NAM
516,Namibia,2012,112.38,112.51,NAM
516,Namibia,2013,106.0,105.98,NAM
516,Namibia,2014,105.12,105.12,NAM
516,Namibia,2016,95.17,95.14,NAM
516,Namibia,2017,99.28,99.34,NAM
516,Namibia,2019,87.51,87.52,NAM
516,Namibia,2020,84.26,84.28,NAM
516,Namibia,2021,81.04,81.06,NAM
516,Namibia,2022,87.03,87.18,NAM
520,Nauru,2010,108.44,108.44,NRU
520,Nauru,2011,103.39,103.39,NRU
520,Nauru,2012,108.6,108.6,NRU
520,Nauru,2013,108.63,108.63,NRU
520,Nauru,2014,101.21,101.21,NRU
520,Nauru,2016,98.83,98.83,NRU
520,Nauru,2017,98.46,98.46,NRU
520,Nauru,2019,97.27,97.27,NRU
520,Nauru,2020,96.13,96.13,NRU
520,Nauru,2021,95.96,95.96,NRU
520,Nauru,2022,95.25,95.25,NRU
524,Nepal,2010,85.42,85.33,NPL
524,Nepal,2011,92.32,92.32,NPL
524,Nepal,2012,95.02,94.98,NPL
524,Nepal,2013,97.1,97.07,NPL
524,Nepal,2014,98.22,98.19,NPL
524,Nepal,2016,105.06,105.1,NPL
524,Nepal,2017,105.1,105.11,NPL
524,Nepal,2019,111.02,111.06,NPL
524,Nepal,2020,115.63,115.68,NPL
524,Nepal,2021,112.91,112.96,NPL
524,Nepal,2022,116.02,116.07,NPL
528,Netherlands (Kingdom of the),2010,91.47,91.49,NLD
528,Netherlands (Kingdom of the),2011,94.59,94.62,NLD
528,Netherlands (Kingdom of the),2012,91.87,91.89,NLD
528,Netherlands (Kingdom of the),2013,94.21,94.23,NLD
528,Netherlands (Kingdom of the),2014,97.11,97.11,NLD
528,Netherlands (Kingdom of the),2016,101.74,101.73,NLD
528,Netherlands (Kingdom of the),2017,101.27,101.28,NLD
540,New Caledonia,2010,92.61,92.61,NCL
540,New Caledonia,2011,90.83,90.83,NCL
540,New Caledonia,2012,94.76,94.76,NCL
540,New Caledonia,2013,88.53,88.53,NCL
540,New Caledonia,2014,91.72,91.72,NCL
540,New Caledonia,2016,97.91,97.91,NCL
540,New Caledonia,2017,96.71,96.71,NCL
540,New Caledonia,2019,100.27,100.27,NCL
540,New Caledonia,2020,101.2,101.2,NCL
540,New Caledonia,2021,97.4,97.4,NCL
540,New Caledonia,2022,93.05,93.05,NCL
548,Vanuatu,2010,101.87,101.87,VUT
548,Vanuatu,2011,94.77,94.77,VUT
548,Vanuatu,2012,94.38,94.38,VUT
548,Vanuatu,2013,97.57,97.57,VUT
548,Vanuatu,2014,107.44,107.44,VUT
548,Vanuatu,2016,95.03,95.03,VUT
548,Vanuatu,2017,79.86,79.86,VUT
548,Vanuatu,2019,75.88,75.88,VUT
548,Vanuatu,2020,72.93,72.93,VUT
548,Vanuatu,2021,72.76,72.76,VUT
548,Vanuatu,2022,118.06,118.06,VUT
554,New Zealand,2010,92.38,91.28,NZL
554,New Zealand,2011,91.28,90.48,NZL
554,New Zealand,2012,95.21,94.55,NZL
554,New Zealand,2013,96.68,96.23,NZL
554,New Zealand,2014,100.97,100.9,NZL
554,New Zealand,2016,97.94,97.9,NZL
554,New Zealand,2017,94.12,94.07,NZL
554,New Zealand,2019,94.6,94.76,NZL
554,New Zealand,2020,94.27,94.47,NZL
554,New Zealand,2021,93.51,93.81,NZL
554,New Zealand,2022,90.0,90.3,NZL
558,Nicaragua,2010,89.08,89.84,NIC
558,Nicaragua,2011,95.71,96.36,NIC
558,Nicaragua,2012,98.14,98.91,NIC
558,Nicaragua,2013,99.97,100.23,NIC
558,Nicaragua,2014,98.66,98.72,NIC
558,Nicaragua,2016,104.26,104.37,NIC
558,Nicaragua,2017,112.74,112.79,NIC
558,Nicaragua,2019,112.82,112.67,NIC
558,Nicaragua,2020,115.78,115.25,NIC
558,Nicaragua,2021,119.07,118.56,NIC
558,Nicaragua,2022,118.02,117.44,NIC
562,Niger,2010,103.1,103.03,NER
562,Niger,2011,87.22,87.16,NER
562,Niger,2012,94.82,94.84,NER
562,Niger,2013,90.78,90.78,NER
562,Niger,2014,93.39,93.41,NER
562,Niger,2016,105.22,105.22,NER
562,Niger,2017,102.96,102.96,NER
562,Niger,2019,103.65,103.64,NER
562,Niger,2020,107.98,108.02,NER
562,Niger,2021,89.28,89.29,NER
562,Niger,2022,112.68,112.73,NER
566,Nigeria,2010,98.89,97.92,NGA
566,Nigeria,2011,89.29,88.34,NGA
566,Nigeria,2012,94.73,94.44,NGA
566,Nigeria,2013,90.49,90.25,NGA
566,Nigeria,2014,98.41,98.34,NGA
566,Nigeria,2016,102.94,103.03,NGA
566,Nigeria,2017,102.43,102.65,NGA
566,Nigeria,2019,101.4,101.63,NGA
566,Nigeria,2020,100.84,100.89,NGA
566,Nigeria,2021,103.09,103.13,NGA
566,Nigeria,2022,102.98,102.95,NGA
570,Niue,2010,100.76,100.76,NIU
570,Niue,2011,101.01,101.01,NIU
570,Niue,2012,102.48,102.48,NIU
570,Niue,2013,101.64,101.64,NIU
570,Niue,2014,102.34,102.34,NIU
570,Niue,2016,100.22,100.22,NIU
570,Niue,2017,101.27,101.27,NIU
570,Niue,2019,101.48,101.48,NIU
570,Niue,2020,101.13,101.13,NIU
570,Niue,2021,108.37,108.37,NIU
570,Niue,2022,107.94,107.94,NIU
578,Norway,2010,103.4,103.33,NOR
578,Norway,2011,98.22,98.17,NOR
578,Norway,2012,98.05,98.04,NOR
578,Norway,2013,97.64,97.64,NOR
578,Norway,2014,99.79,99.82,NOR
578,Norway,2016,100.14,100.1,NOR
578,Norway,2017,99.62,99.64,NOR
578,Norway,2019,98.49,98.58,NOR
578,Norway,2020,97.64,97.74,NOR
578,Norway,2021,97.94,98.07,NOR
578,Norway,2022,96.8,96.93,NOR
583,Micronesia (Federated States of),2010,66.61,66.61,FSM
583,Micronesia (Federated States of),2011,80.94,80.94,FSM
583,Micronesia (Federated States of),2012,84.02,84.02,FSM
583,Micronesia (Federated States of),2013,85.71,85.71,FSM
583,Micronesia (Federated States of),2014,100.35,100.35,FSM
583,Micronesia (Federated States of),2016,100.19,100.19,FSM
583,Micronesia (Federated States of),2017,100.34,100.34,FSM
583,Micronesia (Federated States of),2019,116.69,116.69,FSM
583,Micronesia (Federated States of),2020,116.16,116.16,FSM
583,Micronesia (Federated States of),2021,115.94,115.94,FSM
583,Micronesia (Federated States of),2022,116.21,116.21,FSM
584,Marshall Islands,2010,105.84,105.84,MHL
584,Marshall Islands,2011,92.07,92.07,MHL
584,Marshall Islands,2012,103.97,103.97,MHL
584,Marshall Islands,2013,118.27,118.27,MHL
584,Marshall Islands,2014,81.33,81.33,MHL
584,Marshall Islands,2016,129.03,129.03,MHL
584,Marshall Islands,2017,132.31,132.31,MHL
584,Marshall Islands,2019,132.53,132.53,MHL
584,Marshall Islands,2020,140.36,140.36,MHL
584,Marshall Islands,2021,125.32,125.32,MHL
584,Marshall Islands,2022,153.61,153.61,MHL
586,Pakistan,2010,93.94,92.67,PAK
586,Pakistan,2011,97.36,95.13,PAK
586,Pakistan,2012,95.31,93.48,PAK
586,Pakistan,2013,102.48,101.6,PAK
586,Pakistan,2014,101.22,99.45,PAK
586,Pakistan,2016,99.83,100.55,PAK
586,Pakistan,2017,102.63,102.89,PAK
586,Pakistan,2019,101.86,104.22,PAK
586,Pakistan,2020,104.06,108.03,PAK
586,Pakistan,2021,107.93,111.38,PAK
586,Pakistan,2022,104.54,110.1,PAK
591,Panama,2010,97.25,97.1,PAN
591,Panama,2011,99.58,99.53,PAN
591,Panama,2012,101.73,101.7,PAN
591,Panama,2013,101.07,101.04,PAN
591,Panama,2014,101.57,101.54,PAN
591,Panama,2016,98.4,98.42,PAN
591,Panama,2017,99.02,99.1,PAN
591,Panama,2019,101.65,100.43,PAN
591,Panama,2020,100.04,98.65,PAN
591,Panama,2021,103.68,102.43,PAN
591,Panama,2022,96.49,95.32,PAN
598,Papua New Guinea,2010,100.56,101.48,PNG
598,Papua New Guinea,2011,103.12,103.94,PNG
598,Papua New Guinea,2012,99.11,99.68,PNG
598,Papua New Guinea,2013,98.92,99.5,PNG
598,Papua New Guinea,2014,101.71,102.08,PNG
598,Papua New Guinea,2016,98.3,98.03,PNG
598,Papua New Guinea,2017,96.05,95.79,PNG
598,Papua New Guinea,2019,93.47,92.79,PNG
598,Papua New Guinea,2020,89.8,88.53,PNG
598,Papua New Guinea,2021,89.9,88.33,PNG
598,Papua New Guinea,2022,87.89,85.83,PNG
600,Paraguay,2010,86.45,86.29,PRY
600,Paraguay,2011,89.72,89.43,PRY
600,Paraguay,2012,65.6,65.18,PRY
600,Paraguay,2013,96.05,95.63,PRY
600,Paraguay,2014,101.08,101.07,PRY
600,Paraguay,2016,100.1,100.13,PRY
600,Paraguay,2017,107.32,107.41,PRY
600,Paraguay,2019,96.7,96.6,PRY
600,Paraguay,2020,108.98,108.95,PRY
600,Paraguay,2021,101.55,101.47,PRY
600,Paraguay,2022,76.21,76.25,PRY
604,Peru,2010,87.58,87.68,PER
604,Peru,2011,91.0,90.72,PER
604,Peru,2012,95.54,95.27,PER
604,Peru,2013,97.47,97.39,PER
604,Peru,2014,99.48,99.34,PER
604,Peru,2016,101.92,102.07,PER
604,Peru,2017,100.95,101.19,PER
604,Peru,2019,109.58,109.72,PER
604,Peru,2020,109.85,110.25,PER
604,Peru,2021,113.36,113.66,PER
604,Peru,2022,115.83,115.82,PER
608,Philippines,2010,100.06,99.98,PHL
608,Philippines,2011,102.07,101.92,PHL
608,Philippines,2012,103.61,103.45,PHL
608,Philippines,2013,101.94,101.77,PHL
608,Philippines,2014,102.23,102.03,PHL
608,Philippines,2016,97.12,97.26,PHL
608,Philippines,2017,99.16,99.24,PHL
608,Philippines,2019,96.31,96.26,PHL
608,Philippines,2020,94.68,94.65,PHL
608,Philippines,2021,93.44,93.4,PHL
608,Philippines,2022,92.65,92.66,PHL
616,Poland,2010,91.64,91.6,POL
616,Poland,2011,93.41,93.37,POL
616,Poland,2012,96.1,96.06,POL
616,Poland,2013,95.22,95.2,POL
616,Poland,2014,101.77,101.74,POL
616,Poland,2016,101.72,101.73,POL
616,Poland,2017,106.23,106.22,POL
620,Portugal,2010,95.17,95.13,PRT
620,Portugal,2011,91.26,91.26,PRT
620,Portugal,2012,90.6,90.59,PRT
620,Portugal,2013,93.52,93.51,PRT
620,Portugal,2014,93.36,93.36,PRT
620,Portugal,2016,99.09,99.06,PRT
620,Portugal,2017,110.65,110.71,PRT
624,Guinea-Bissau,2010,101.46,101.01,GNB
624,Guinea-Bissau,2011,108.18,107.98,GNB
624,Guinea-Bissau,2012,110.03,110.13,GNB
624,Guinea-Bissau,2013,121.23,121.74,GNB
624,Guinea-Bissau,2014,101.93,101.96,GNB
624,Guinea-Bissau,2016,103.6,103.79,GNB
624,Guinea-Bissau,2017,93.45,93.4,GNB
624,Guinea-Bissau,2019,99.39,94.92,GNB
624,Guinea-Bissau,2020,102.51,97.59,GNB
624,Guinea-Bissau,2021,103.35,98.15,GNB
624,Guinea-Bissau,2022,100.82,95.68,GNB
626,Timor-Leste,2010,127.92,127.95,TLS
626,Timor-Leste,2011,106.92,106.92,TLS
626,Timor-Leste,2012,107.3,107.3,TLS
626,Timor-Leste,2013,102.98,102.98,TLS
626,Timor-Leste,2014,102.36,102.36,TLS
626,Timor-Leste,2016,93.85,93.85,TLS
626,Timor-Leste,2017,88.06,88.05,TLS
626,Timor-Leste,2019,86.81,86.8,TLS
626,Timor-Leste,2020,85.48,85.47,TLS
626,Timor-Leste,2021,80.81,80.8,TLS
626,Timor-Leste,2022,92.63,92.64,TLS
630,Puerto Rico,2010,112.96,112.96,PRI
630,Puerto Rico,2011,110.2,110.2,PRI
630,Puerto Rico,2012,119.97,119.97,PRI
630,Puerto Rico,2013,104.93,104.93,PRI
630,Puerto Rico,2014,96.5,96.5,PRI
630,Puerto Rico,2016,102.35,102.35,PRI
630,Puerto Rico,2017,105.47,105.47,PRI
630,Puerto Rico,2019,105.4,105.4,PRI
630,Puerto Rico,2020,104.33,104.33,PRI
630,Puerto Rico,2021,97.68,97.68,PRI
630,Puerto Rico,2022,104.22,104.22,PRI
634,Qatar,2010,99.62,99.62,QAT
634,Qatar,2011,99.52,99.52,QAT
634,Qatar,2012,99.82,99.82,QAT
634,Qatar,2013,115.62,115.62,QAT
634,Qatar,2014,88.29,88.29,QAT
634,Qatar,2016,98.75,98.75,QAT
634,Qatar,2017,94.85,94.85,QAT
634,Qatar,2019,118.59,118.59,QAT
634,Qatar,2020,136.97,136.97,QAT
634,Qatar,2021,141.3,141.3,QAT
634,Qatar,2022,121.44,121.44,QAT
642,Romania,2010,90.36,89.79,ROU
642,Romania,2011,101.22,100.73,ROU
642,Romania,2012,79.07,78.48,ROU
642,Romania,2013,97.52,97.52,ROU
642,Romania,2014,102.56,102.58,ROU
642,Romania,2016,101.33,101.33,ROU
642,Romania,2017,116.93,117.0,ROU
643,Russian Federation,2010,74.59,74.53,RUS
643,Russian Federation,2011,92.26,92.25,RUS
643,Russian Federation,2012,85.42,85.38,RUS
643,Russian Federation,2013,93.0,92.98,RUS
643,Russian Federation,2014,97.8,97.79,RUS
643,Russian Federation,2016,102.13,102.14,RUS
643,Russian Federation,2017,106.79,106.81,RUS
643,Russian Federation,2019,109.06,109.11,RUS
643,Russian Federation,2020,111.18,111.23,RUS
643,Russian Federation,2021,111.19,111.25,RUS
643,Russian Federation,2022,126.12,126.24,RUS
646,Rwanda,2010,131.33,131.43,RWA
646,Rwanda,2011,138.25,138.4,RWA
646,Rwanda,2012,142.46,142.65,RWA
646,Rwanda,2013,126.53,126.67,RWA
646,Rwanda,2014,98.85,98.87,RWA
646,Rwanda,2016,99.85,99.86,RWA
646,Rwanda,2017,101.56,101.4,RWA
646,Rwanda,2019,103.03,103.01,RWA
646,Rwanda,2020,100.69,100.75,RWA
646,Rwanda,2021,102.72,102.79,RWA
646,Rwanda,2022,99.99,100.11,RWA
659,Saint Kitts and Nevis,2010,105.88,105.9,KNA
659,Saint Kitts and Nevis,2011,119.3,119.32,KNA
659,Saint Kitts and Nevis,2012,104.96,104.96,KNA
659,Saint Kitts and Nevis,2013,102.0,102.0,KNA
659,Saint Kitts and Nevis,2014,100.98,100.98,KNA
659,Saint Kitts and Nevis,2016,99.31,99.31,KNA
659,Saint Kitts and Nevis,2017,95.42,95.41,KNA
659,Saint Kitts and Nevis,2019,96.89,96.88,KNA
659,Saint Kitts and Nevis,2020,95.37,95.35,KNA
659,Saint Kitts and Nevis,2021,101.08,101.06,KNA
659,Saint Kitts and Nevis,2022,103.12,103.12,KNA
662,Saint Lucia,2010,109.52,109.52,LCA
662,Saint Lucia,2011,110.57,110.57,LCA
662,Saint Lucia,2012,96.84,96.84,LCA
662,Saint Lucia,2013,100.37,100.37,LCA
662,Saint Lucia,2014,101.73,101.73,LCA
662,Saint Lucia,2016,97.09,97.09,LCA
662,Saint Lucia,2017,98.67,98.67,LCA
662,Saint Lucia,2019,99.07,99.07,LCA
662,Saint Lucia,2020,87.32,87.32,LCA
662,Saint Lucia,2021,78.24,78.24,LCA
662,Saint Lucia,2022,91.63,91.63,LCA
670,Saint Vincent and the Grenadines,2010,91.56,91.53,VCT
670,Saint Vincent and the Grenadines,2011,94.27,94.26,VCT
670,Saint Vincent and the Grenadines,2012,97.02,97.07,VCT
670,Saint Vincent and the Grenadines,2013,97.26,97.29,VCT
670,Saint Vincent and the Grenadines,2014,101.53,101.54,VCT
670,Saint Vincent and the Grenadines,2016,98.38,98.36,VCT
670,Saint Vincent and the Grenadines,2017,100.53,100.52,VCT
670,Saint Vincent and the Grenadines,2019,104.43,104.42,VCT
670,Saint Vincent and the Grenadines,2020,105.71,105.71,VCT
670,Saint Vincent and the Grenadines,2021,91.27,91.18,VCT
670,Saint Vincent and the Grenadines,2022,90.92,90.83,VCT
678,Sao Tome and Principe,2010,113.85,114.4,STP
678,Sao Tome and Principe,2011,107.11,107.41,STP
678,Sao Tome and Principe,2012,107.06,107.47,STP
678,Sao Tome and Principe,2013,113.66,114.49,STP
678,Sao Tome and Principe,2014,107.78,108.2,STP
678,Sao Tome and Principe,2016,102.41,102.52,STP
678,Sao Tome and Principe,2017,107.18,107.24,STP
678,Sao Tome and Principe,2019,100.76,99.88,STP
678,Sao Tome and Principe,2020,100.19,98.95,STP
678,Sao Tome and Principe,2021,98.83,97.09,STP
678,Sao Tome and Principe,2022,101.43,98.59,STP
682,Saudi Arabia,2010,125.16,125.16,SAU
682,Saudi Arabia,2011,116.4,116.18,SAU
682,Saudi Arabia,2012,108.85,108.59,SAU
682,Saudi Arabia,2013,115.74,115.42,SAU
682,Saudi Arabia,2014,94.2,94.15,SAU
682,Saudi Arabia,2016,104.59,104.56,SAU
682,Saudi Arabia,2017,118.53,118.63,SAU
682,Saudi Arabia,2019,142.22,142.56,SAU
682,Saudi Arabia,2020,164.07,164.62,SAU
682,Saudi Arabia,2021,170.47,171.12,SAU
682,Saudi Arabia,2022,155.36,155.89,SAU
686,Senegal,2010,112.48,112.53,SEN
686,Senegal,2011,77.69,77.3,SEN
686,Senegal,2012,90.79,90.36,SEN
686,Senegal,2013,88.13,87.85,SEN
686,Senegal,2014,87.39,87.24,SEN
686,Senegal,2016,102.38,102.36,SEN
686,Senegal,2017,126.04,126.79,SEN
686,Senegal,2019,136.24,137.28,SEN
686,Senegal,2020,158.34,159.63,SEN
686,Senegal,2021,152.13,153.29,SEN
686,Senegal,2022,145.86,147.11,SEN
688,Serbia,2010,97.41,97.37,SRB
688,Serbia,2011,98.69,98.66,SRB
688,Serbia,2012,81.17,81.16,SRB
688,Serbia,2013,98.04,98.06,SRB
688,Serbia,2014,97.34,97.31,SRB
688,Serbia,2016,108.27,108.33,SRB
688,Serbia,2017,92.05,92.05,SRB
688,Serbia,2019,110.99,111.05,SRB
688,Serbia,2020,115.1,115.14,SRB
688,Serbia,2021,109.44,109.4,SRB
688,Serbia,2022,103.88,103.94,SRB
690,Seychelles,2010,117.46,117.46,SYC
690,Seychelles,2011,126.16,126.16,SYC
690,Seychelles,2012,102.39,102.39,SYC
690,Seychelles,2013,94.27,94.27,SYC
690,Seychelles,2014,97.48,97.48,SYC
690,Seychelles,2016,102.42,102.42,SYC
690,Seychelles,2017,86.36,86.36,SYC
690,Seychelles,2019,109.17,109.17,SYC
690,Seychelles,2020,114.5,114.5,SYC
690,Seychelles,2021,130.51,130.51,SYC
690,Seychelles,2022,129.76,129.76,SYC
694,Sierra Leone,2010,113.96,114.29,SLE
694,Sierra Leone,2011,118.56,119.03,SLE
694,Sierra Leone,2012,119.3,119.84,SLE
694,Sierra Leone,2013,122.06,122.69,SLE
694,Sierra Leone,2014,111.9,112.32,SLE
694,Sierra Leone,2016,91.7,91.42,SLE
694,Sierra Leone,2017,81.28,80.72,SLE
694,Sierra Leone,2019,72.56,71.44,SLE
694,Sierra Leone,2020,86.11,85.49,SLE
694,Sierra Leone,2021,113.42,113.37,SLE
694,Sierra Leone,2022,96.5,96.11,SLE
702,Singapore,2010,82.72,82.72,SGP
702,Singapore,2011,89.24,89.24,SGP
702,Singapore,2012,91.21,91.21,SGP
702,Singapore,2013,98.94,98.94,SGP
702,Singapore,2014,96.37,96.37,SGP
702,Singapore,2016,104.42,104.42,SGP
702,Singapore,2017,131.25,131.25,SGP
702,Singapore,2019,119.67,119.67,SGP
702,Singapore,2020,120.99,120.99,SGP
702,Singapore,2021,132.46,132.46,SGP
702,Singapore,2022,127.66,127.66,SGP
703,Slovakia,2010,87.75,87.71,SVK
703,Slovakia,2011,99.59,99.44,SVK
703,Slovakia,2012,85.71,85.68,SVK
703,Slovakia,2013,93.71,93.71,SVK
703,Slovakia,2014,104.82,104.83,SVK
703,Slovakia,2016,105.57,105.58,SVK
703,Slovakia,2017,91.64,91.63,SVK
704,Viet Nam,2010,87.25,87.28,VNM
704,Viet Nam,2011,90.32,90.4,VNM
704,Viet Nam,2012,95.68,95.72,VNM
704,Viet Nam,2013,96.62,96.53,VNM
704,Viet Nam,2014,98.43,98.41,VNM
704,Viet Nam,2016,100.68,100.7,VNM
704,Viet Nam,2017,101.49,101.4,VNM
704,Viet Nam,2019,102.09,101.81,VNM
704,Viet Nam,2020,102.34,101.97,VNM
704,Viet Nam,2021,105.74,105.37,VNM
704,Viet Nam,2022,107.21,106.72,VNM
705,Slovenia,2010,104.55,104.54,SVN
705,Slovenia,2011,103.53,103.52,SVN
705,Slovenia,2012,94.9,94.88,SVN
705,Slovenia,2013,91.26,91.24,SVN
705,Slovenia,2014,97.75,97.75,SVN
705,Slovenia,2016,100.51,100.52,SVN
705,Slovenia,2017,97.43,97.43,SVN
706,Somalia,2010,121.3,121.33,SOM
706,Somalia,2011,118.71,118.74,SOM
706,Somalia,2012,121.95,121.99,SOM
706,Somalia,2013,118.18,118.21,SOM
706,Somalia,2014,104.15,104.15,SOM
706,Somalia,2016,93.89,93.88,SOM
706,Somalia,2017,91.07,91.06,SOM
706,Somalia,2019,86.59,86.58,SOM
706,Somalia,2020,82.51,82.5,SOM
706,Somalia,2021,73.7,73.67,SOM
706,Somalia,2022,76.22,76.21,SOM
710,South Africa,2010,97.15,97.17,ZAF
710,South Africa,2011,95.2,95.11,ZAF
710,South Africa,2012,96.79,96.8,ZAF
710,South Africa,2013,100.55,100.65,ZAF
710,South Africa,2014,104.51,104.63,ZAF
710,South Africa,2016,94.79,94.78,ZAF
710,South Africa,2017,103.71,103.76,ZAF
710,South Africa,2019,99.37,99.06,ZAF
710,South Africa,2020,103.88,103.88,ZAF
710,South Africa,2021,104.03,104.24,ZAF
710,South Africa,2022,103.6,103.82,ZAF
716,Zimbabwe,2010,106.92,107.39,ZWE
716,Zimbabwe,2011,108.87,108.77,ZWE
716,Zimbabwe,2012,112.09,111.28,ZWE
716,Zimbabwe,2013,111.18,110.32,ZWE
716,Zimbabwe,2014,99.27,97.93,ZWE
716,Zimbabwe,2016,100.26,101.17,ZWE
716,Zimbabwe,2017,105.52,108.62,ZWE
716,Zimbabwe,2019,107.65,108.23,ZWE
716,Zimbabwe,2020,117.31,117.33,ZWE
716,Zimbabwe,2021,120.01,121.1,ZWE
716,Zimbabwe,2022,117.52,117.14,ZWE
724,Spain,2010,95.12,95.22,ESP
724,Spain,2011,98.04,98.04,ESP
724,Spain,2012,85.41,85.31,ESP
724,Spain,2013,103.78,103.89,ESP
724,Spain,2014,94.58,94.48,ESP
724,Spain,2016,105.97,106.07,ESP
724,Spain,2017,101.3,101.31,ESP
728,South Sudan,2012,97.44,97.45,SSD
728,South Sudan,2013,93.31,93.31,SSD
728,South Sudan,2014,96.82,96.82,SSD
728,South Sudan,2016,103.18,103.18,SSD
728,South Sudan,2017,108.45,108.45,SSD
728,South Sudan,2019,117.33,117.34,SSD
728,South Sudan,2020,109.78,109.78,SSD
728,South Sudan,2021,114.1,114.1,SSD
728,South Sudan,2022,112.51,112.51,SSD
729,Sudan,2012,88.5,87.84,SDN
729,Sudan,2013,100.03,100.23,SDN
729,Sudan,2014,106.41,106.47,SDN
729,Sudan,2016,101.71,101.8,SDN
729,Sudan,2017,96.59,95.31,SDN
729,Sudan,2019,100.82,99.95,SDN
729,Sudan,2020,102.05,100.32,SDN
729,Sudan,2021,94.43,90.25,SDN
729,Sudan,2022,91.27,90.32,SDN
740,Suriname,2010,97.37,97.36,SUR
740,Suriname,2011,94.75,94.74,SUR
740,Suriname,2012,94.37,94.36,SUR
740,Suriname,2013,100.78,100.78,SUR
740,Suriname,2014,102.75,102.75,SUR
740,Suriname,2016,99.08,99.08,SUR
740,Suriname,2017,101.39,101.39,SUR
740,Suriname,2019,90.93,90.92,SUR
740,Suriname,2020,81.5,81.49,SUR
740,Suriname,2021,82.7,82.7,SUR
740,Suriname,2022,64.2,64.19,SUR
748,Eswatini,2010,98.64,98.64,SWZ
748,Eswatini,2011,100.79,100.79,SWZ
748,Eswatini,2012,102.71,102.74,SWZ
748,Eswatini,2013,102.98,103.08,SWZ
748,Eswatini,2014,102.34,102.42,SWZ
748,Eswatini,2016,96.97,96.96,SWZ
748,Eswatini,2017,98.94,98.99,SWZ
748,Eswatini,2019,99.49,99.52,SWZ
748,Eswatini,2020,99.02,99.04,SWZ
748,Eswatini,2021,94.23,94.32,SWZ
748,Eswatini,2022,98.21,98.31,SWZ
752,Sweden,2010,95.04,95.04,SWE
752,Sweden,2011,96.62,96.62,SWE
752,Sweden,2012,95.86,95.86,SWE
752,Sweden,2013,95.17,95.17,SWE
752,Sweden,2014,100.7,100.69,SWE
752,Sweden,2016,96.89,96.89,SWE
752,Sweden,2017,98.32,98.32,SWE
756,Switzerland,2010,104.75,104.74,CHE
756,Switzerland,2011,109.41,109.41,CHE
756,Switzerland,2012,104.01,104.01,CHE
756,Switzerland,2013,99.66,99.66,CHE
756,Switzerland,2014,103.72,103.72,CHE
756,Switzerland,2016,96.88,96.88,CHE
756,Switzerland,2017,95.74,95.75,CHE
756,Switzerland,2019,93.96,93.95,CHE
756,Switzerland,2020,95.01,95.01,CHE
756,Switzerland,2021,89.9,89.89,CHE
756,Switzerland,2022,91.58,91.58,CHE
760,Syrian Arab Republic,2010,112.7,108.79,SYR
760,Syrian Arab Republic,2011,126.62,120.88,SYR
760,Syrian Arab Republic,2012,114.58,109.45,SYR
760,Syrian Arab Republic,2013,103.84,103.21,SYR
760,Syrian Arab Republic,2014,90.64,89.53,SYR
760,Syrian Arab Republic,2016,101.78,102.91,SYR
760,Syrian Arab Republic,2017,107.46,108.71,SYR
760,Syrian Arab Republic,2019,108.03,108.38,SYR
760,Syrian Arab Republic,2020,113.01,113.39,SYR
760,Syrian Arab Republic,2021,92.76,93.17,SYR
760,Syrian Arab Republic,2022,86.03,86.27,SYR
762,Tajikistan,2010,81.44,78.14,TJK
762,Tajikistan,2011,85.24,78.89,TJK
762,Tajikistan,2012,89.94,84.35,TJK
762,Tajikistan,2013,95.32,91.49,TJK
762,Tajikistan,2014,93.18,90.13,TJK
762,Tajikistan,2016,106.66,108.43,TJK
762,Tajikistan,2017,125.05,126.03,TJK
762,Tajikistan,2019,137.48,139.91,TJK
762,Tajikistan,2020,129.74,131.79,TJK
762,Tajikistan,2021,131.63,134.36,TJK
762,Tajikistan,2022,134.56,137.41,TJK
764,Thailand,2010,91.71,95.53,THA
764,Thailand,2011,97.07,100.25,THA
764,Thailand,2012,106.49,108.72,THA
764,Thailand,2013,105.25,106.51,THA
764,Thailand,2014,105.64,106.16,THA
764,Thailand,2016,96.4,95.87,THA
764,Thailand,2017,99.78,99.24,THA
764,Thailand,2019,102.44,100.92,THA
764,Thailand,2020,95.72,93.02,THA
764,Thailand,2021,99.76,97.54,THA
764,Thailand,2022,102.56,100.77,THA
768,Togo,2010,103.65,107.79,TGO
768,Togo,2011,111.96,113.48,TGO
768,Togo,2012,105.24,106.62,TGO
768,Togo,2013,93.54,94.3,TGO
768,Togo,2014,103.75,103.38,TGO
768,Togo,2016,99.0,98.14,TGO
768,Togo,2017,101.4,100.69,TGO
768,Togo,2019,103.19,103.17,TGO
768,Togo,2020,99.62,102.83,TGO
768,Togo,2021,100.6,105.21,TGO
768,Togo,2022,103.37,108.14,TGO
772,Tokelau,2010,97.06,97.06,TKL
772,Tokelau,2011,97.54,97.54,TKL
772,Tokelau,2012,96.1,96.1,TKL
772,Tokelau,2013,92.38,92.38,TKL
772,Tokelau,2014,92.64,92.64,TKL
772,Tokelau,2016,104.4,104.4,TKL
772,Tokelau,2017,100.95,100.95,TKL
772,Tokelau,2019,89.72,89.72,TKL
772,Tokelau,2020,87.04,87.04,TKL
772,Tokelau,2021,85.85,85.85,TKL
772,Tokelau,2022,80.77,80.77,TKL
776,Tonga,2010,122.44,122.44,TON
776,Tonga,2011,121.78,121.78,TON
776,Tonga,2012,119.49,119.49,TON
776,Tonga,2013,120.75,120.75,TON
776,Tonga,2014,103.53,103.53,TON
776,Tonga,2016,94.73,94.73,TON
776,Tonga,2017,94.98,94.98,TON
776,Tonga,2019,93.15,93.15,TON
776,Tonga,2020,93.65,93.65,TON
776,Tonga,2021,94.88,94.88,TON
776,Tonga,2022,95.97,95.97,TON
780,Trinidad and Tobago,2010,113.44,113.43,TTO
780,Trinidad and Tobago,2011,110.19,110.19,TTO
780,Trinidad and Tobago,2012,110.43,110.45,TTO
780,Trinidad and Tobago,2013,108.88,108.9,TTO
780,Trinidad and Tobago,2014,108.92,108.95,TTO
780,Trinidad and Tobago,2016,102.43,102.44,TTO
780,Trinidad and Tobago,2017,105.92,105.94,TTO
780,Trinidad and Tobago,2019,90.36,90.35,TTO
780,Trinidad and Tobago,2020,86.95,86.94,TTO
780,Trinidad and Tobago,2021,89.01,88.99,TTO
780,Trinidad and Tobago,2022,89.68,89.68,TTO
784,United Arab Emirates,2010,161.75,161.74,ARE
784,United Arab Emirates,2011,90.83,90.82,ARE
784,United Arab Emirates,2012,89.23,89.23,ARE
784,United Arab Emirates,2013,87.04,87.02,ARE
784,United Arab Emirates,2014,99.13,99.12,ARE
784,United Arab Emirates,2016,102.78,102.78,ARE
784,United Arab Emirates,2017,100.54,100.54,ARE
784,United Arab Emirates,2019,109.88,109.91,ARE
784,United Arab Emirates,2020,112.99,113.0,ARE
784,United Arab Emirates,2021,112.13,112.14,ARE
784,United Arab Emirates,2022,102.02,102.05,ARE
788,Tunisia,2010,89.89,89.72,TUN
788,Tunisia,2011,89.66,89.48,TUN
788,Tunisia,2012,99.98,99.88,TUN
788,Tunisia,2013,95.81,95.67,TUN
788,Tunisia,2014,90.6,90.45,TUN
788,Tunisia,2016,94.73,94.62,TUN
788,Tunisia,2017,91.92,91.83,TUN
788,Tunisia,2019,100.25,100.25,TUN
788,Tunisia,2020,117.36,117.51,TUN
788,Tunisia,2021,98.24,98.24,TUN
788,Tunisia,2022,103.14,103.2,TUN
792,Türkiye,2010,94.97,94.65,TUR
792,Türkiye,2011,98.07,97.24,TUR
792,Türkiye,2012,101.89,101.54,TUR
792,Türkiye,2013,102.61,102.36,TUR
792,Türkiye,2014,98.51,98.08,TUR
792,Türkiye,2016,100.04,100.22,TUR
792,Türkiye,2017,104.68,104.51,TUR
792,Türkiye,2019,105.86,106.23,TUR
792,Türkiye,2020,109.8,110.85,TUR
792,Türkiye,2021,109.38,109.78,TUR
792,Türkiye,2022,117.21,117.21,TUR
795,Turkmenistan,2010,115.64,104.72,TKM
795,Turkmenistan,2011,107.98,101.19,TKM
795,Turkmenistan,2012,96.73,101.29,TKM
795,Turkmenistan,2013,96.19,101.07,TKM
795,Turkmenistan,2014,96.33,97.84,TKM
795,Turkmenistan,2016,106.42,103.22,TKM
795,Turkmenistan,2017,104.96,101.11,TKM
795,Turkmenistan,2019,103.73,100.84,TKM
795,Turkmenistan,2020,106.79,101.01,TKM
795,Turkmenistan,2021,104.74,99.02,TKM
795,Turkmenistan,2022,102.44,98.44,TKM
798,Tuvalu,2010,97.45,97.45,TUV
798,Tuvalu,2011,97.1,97.1,TUV
798,Tuvalu,2012,97.51,97.51,TUV
798,Tuvalu,2013,99.25,99.25,TUV
798,Tuvalu,2014,98.59,98.59,TUV
798,Tuvalu,2016,101.23,101.23,TUV
798,Tuvalu,2017,102.76,102.76,TUV
798,Tuvalu,2019,117.51,117.51,TUV
798,Tuvalu,2020,120.42,120.42,TUV
798,Tuvalu,2021,122.68,122.68,TUV
798,Tuvalu,2022,125.6,125.6,TUV
800,Uganda,2010,108.96,108.89,UGA
800,Uganda,2011,107.04,106.22,UGA
800,Uganda,2012,104.41,104.61,UGA
800,Uganda,2013,104.39,104.67,UGA
800,Uganda,2014,104.54,104.57,UGA
800,Uganda,2016,91.81,91.6,UGA
800,Uganda,2017,97.47,97.11,UGA
800,Uganda,2019,107.86,107.85,UGA
800,Uganda,2020,121.8,121.99,UGA
800,Uganda,2021,122.5,122.74,UGA
800,Uganda,2022,126.16,126.5,UGA
804,Ukraine,2010,76.54,76.52,UKR
804,Ukraine,2011,92.94,92.93,UKR
804,Ukraine,2012,87.29,87.28,UKR
804,Ukraine,2013,100.38,100.38,UKR
804,Ukraine,2014,100.71,100.71,UKR
804,Ukraine,2016,102.46,102.46,UKR
804,Ukraine,2017,100.81,100.81,UKR
804,Ukraine,2019,111.37,111.37,UKR
804,Ukraine,2020,101.72,101.72,UKR
804,Ukraine,2021,117.58,117.58,UKR
804,Ukraine,2022,97.72,97.73,UKR
807,North Macedonia,2010,93.56,92.56,MKD
807,North Macedonia,2011,91.17,90.71,MKD
807,North Macedonia,2012,88.95,88.23,MKD
807,North Macedonia,2013,94.33,93.76,MKD
807,North Macedonia,2014,92.91,92.28,MKD
807,North Macedonia,2016,104.75,105.0,MKD
807,North Macedonia,2017,85.79,85.36,MKD
807,North Macedonia,2019,100.04,99.74,MKD
807,North Macedonia,2020,108.43,108.53,MKD
807,North Macedonia,2021,101.57,101.59,MKD
807,North Macedonia,2022,108.23,108.24,MKD
818,Egypt,2010,101.07,100.49,EGY
818,Egypt,2011,103.24,101.97,EGY
818,Egypt,2012,105.41,105.15,EGY
818,Egypt,2013,100.46,100.3,EGY
818,Egypt,2014,102.09,101.82,EGY
818,Egypt,2016,96.59,96.74,EGY
818,Egypt,2017,97.06,96.93,EGY
818,Egypt,2019,93.28,93.1,EGY
818,Egypt,2020,94.93,95.06,EGY
818,Egypt,2021,98.17,97.98,EGY
818,Egypt,2022,99.54,99.08,EGY
826,United Kingdom of Great Britain and Northern Ireland,2010,97.96,97.92,GBR
826,United Kingdom of Great Britain and Northern Ireland,2011,99.52,99.5,GBR
826,United Kingdom of Great Britain and Northern Ireland,2012,92.89,92.81,GBR
826,United Kingdom of Great Britain and Northern Ireland,2013,94.28,94.21,GBR
826,United Kingdom of Great Britain and Northern Ireland,2014,101.44,101.46,GBR
826,United Kingdom of Great Britain and Northern Ireland,2016,97.23,97.21,GBR
826,United Kingdom of Great Britain and Northern Ireland,2017,100.69,100.71,GBR
826,United Kingdom of Great Britain and Northern Ireland,2019,101.7,101.72,GBR
826,United Kingdom of Great Britain and Northern Ireland,2020,95.27,95.23,GBR
826,United Kingdom of Great Britain and Northern Ireland,2021,97.1,97.1,GBR
826,United Kingdom of Great Britain and Northern Ireland,2022,97.95,97.97,GBR
834,United Republic of Tanzania,2010,87.01,86.17,TZA
834,United Republic of Tanzania,2011,92.72,91.66,TZA
834,United Republic of Tanzania,2012,94.62,93.47,TZA
834,United Republic of Tanzania,2013,98.7,97.45,TZA
834,United Republic of Tanzania,2014,102.28,101.99,TZA
834,United Republic of Tanzania,2016,94.32,94.84,TZA
834,United Republic of Tanzania,2017,89.28,89.86,TZA
834,United Republic of Tanzania,2019,93.69,93.26,TZA
834,United Republic of Tanzania,2020,93.3,93.35,TZA
834,United Republic of Tanzania,2021,92.07,92.99,TZA
834,United Republic of Tanzania,2022,89.69,90.33,TZA
840,United States of America,2010,96.93,96.72,USA
840,United States of America,2011,95.14,94.87,USA
840,United States of America,2012,93.95,93.49,USA
840,United States of America,2013,97.26,97.62,USA
840,United States of America,2014,99.23,99.06,USA
840,United States of America,2016,103.91,103.91,USA
840,United States of America,2017,100.66,100.1,USA
840,United States of America,2019,96.95,96.22,USA
840,United States of America,2020,98.86,99.1,USA
840,United States of America,2021,100.86,100.56,USA
840,United States of America,2022,96.33,96.73,USA
854,Burkina Faso,2010,92.56,94.95,BFA
854,Burkina Faso,2011,85.02,88.35,BFA
854,Burkina Faso,2012,91.88,93.34,BFA
854,Burkina Faso,2013,101.56,101.85,BFA
854,Burkina Faso,2014,103.15,101.82,BFA
854,Burkina Faso,2016,97.79,98.42,BFA
854,Burkina Faso,2017,91.29,90.44,BFA
854,Burkina Faso,2019,103.22,106.52,BFA
854,Burkina Faso,2020,99.42,102.85,BFA
854,Burkina Faso,2021,89.17,91.66,BFA
854,Burkina Faso,2022,94.43,98.04,BFA
858,Uruguay,2010,91.49,91.04,URY
858,Uruguay,2011,90.81,90.35,URY
858,Uruguay,2012,99.48,99.12,URY
858,Uruguay,2013,96.97,96.56,URY
858,Uruguay,2014,103.32,103.08,URY
858,Uruguay,2016,95.45,95.67,URY
858,Uruguay,2017,103.25,103.66,URY
858,Uruguay,2019,100.35,100.63,URY
858,Uruguay,2020,90.9,91.09,URY
858,Uruguay,2021,98.28,98.71,URY
858,Uruguay,2022,110.26,110.8,URY
860,Uzbekistan,2010,80.66,75.55,UZB
860,Uzbekistan,2011,83.9,79.03,UZB
860,Uzbekistan,2012,88.16,84.41,UZB
860,Uzbekistan,2013,92.47,90.05,UZB
860,Uzbekistan,2014,96.46,94.8,UZB
860,Uzbekistan,2016,102.66,104.66,UZB
860,Uzbekistan,2017,96.4,98.41,UZB
860,Uzbekistan,2019,96.51,99.55,UZB
860,Uzbekistan,2020,97.29,99.13,UZB
860,Uzbekistan,2021,99.03,100.1,UZB
860,Uzbekistan,2022,101.59,102.84,UZB
862,Venezuela (Bolivarian Republic of),2010,103.1,103.12,VEN
862,Venezuela (Bolivarian Republic of),2011,113.87,113.76,VEN
862,Venezuela (Bolivarian Republic of),2012,102.85,102.84,VEN
862,Venezuela (Bolivarian Republic of),2013,100.24,100.22,VEN
862,Venezuela (Bolivarian Republic of),2014,100.0,100.0,VEN
882,Samoa,2010,122.55,122.85,WSM
882,Samoa,2011,125.04,125.38,WSM
882,Samoa,2012,124.17,124.49,WSM
882,Samoa,2013,123.79,124.11,WSM
882,Samoa,2014,122.16,122.46,WSM
882,Samoa,2016,88.51,88.34,WSM
882,Samoa,2017,88.91,88.73,WSM
882,Samoa,2019,76.29,76.01,WSM
882,Samoa,2020,79.06,78.81,WSM
882,Samoa,2021,77.2,76.96,WSM
882,Samoa,2022,75.4,75.14,WSM
887,Yemen,2010,116.64,116.11,YEM
887,Yemen,2011,112.17,111.61,YEM
887,Yemen,2012,114.88,114.65,YEM
887,Yemen,2013,115.08,115.06,YEM
887,Yemen,2014,111.13,111.18,YEM
887,Yemen,2016,89.47,89.4,YEM
887,Yemen,2017,86.18,86.1,YEM
887,Yemen,2019,93.28,92.74,YEM
887,Yemen,2020,94.56,94.48,YEM
887,Yemen,2021,100.39,99.83,YEM
887,Yemen,2022,97.64,97.53,YEM
894,Zambia,2010,108.19,107.45,ZMB
894,Zambia,2011,110.98,109.21,ZMB
894,Zambia,2012,110.47,104.83,ZMB
894,Zambia,2013,106.96,105.89,ZMB
894,Zambia,2014,109.6,109.05,ZMB
894,Zambia,2016,97.79,98.46,ZMB
894,Zambia,2017,114.86,117.17,ZMB
894,Zambia,2019,95.55,97.8,ZMB
894,Zambia,2020,100.79,101.74,ZMB
894,Zambia,2021,102.83,105.5,ZMB
894,Zambia,2022,93.72,96.91,ZMB
